case,method,seed,success,energy,exact,rel_error_percent,max_rel_error_percent,nodes,nodes_expected,subspace_weight,parity_score,runtime_s,failure_mode
1D n=5,residual,0,False,88.83663394710068,246.74011002723395,63.99586839071469,63.99586839071469,2.0,4.0,,,1.3624718189239502,wrong nodes/lower-state collapse
1D n=5,penalty,0,False,9.874242859826753,246.74011002723395,95.9981201034818,95.9981201034818,0.0,4.0,,,0.8705520629882812,wrong nodes/lower-state collapse
1D n=5,projection,0,False,245.223933615039,246.74011002723395,0.6144831547767479,0.6144831547767479,4.0,4.0,,,1.541287899017334,energy error
disk m=1,state_by_state,0,False,15.596429152330483,14.681970642123895,6.228445298636711,6.228445298636711,,,0.986760192175562,,3.602656126022339,energy error
disk m=1,subspace_ritz,0,False,11.464824167550782,14.681970642123895,31.673595930546778,31.673595930546778,,,9.12331209650551e-05,,9.86507797241211,low subspace weight
ellipse split,generic_subspace,0,False,,,31.241916418568916,65.68395859088668,,,,0.0,31.723137140274048,branch drift/missing parity sector
ellipse split,symmetry_sectors,0,False,,,22.272780013358933,63.002838355280126,,,,0.8,41.53730607032776,branch drift/missing parity sector
1D n=5,residual,1,False,9.869604747277506,246.74011002723395,95.99999985969521,95.99999985969521,0.0,4.0,,,1.5391900539398193,wrong nodes/lower-state collapse
1D n=5,penalty,1,False,9.869439386021996,246.74011002723395,96.00006687808776,96.00006687808776,0.0,4.0,,,1.0264291763305664,wrong nodes/lower-state collapse
1D n=5,projection,1,False,244.74282642855997,246.74011002723395,0.8094685531483057,0.8094685531483057,4.0,4.0,,,1.812958002090454,energy error
disk m=1,state_by_state,1,False,15.895761448848091,14.681970642123895,8.267219955076884,8.267219955076884,,,0.9888739956474057,,5.056781053543091,energy error
disk m=1,subspace_ritz,1,False,11.133715448736629,14.681970642123895,37.70878949635696,37.70878949635696,,,0.0015199201825693916,,10.714056968688965,low subspace weight
ellipse split,generic_subspace,1,False,,,30.84100227451454,67.60081069351902,,,,0.0,33.15035915374756,branch drift/missing parity sector
ellipse split,symmetry_sectors,1,False,,,32.21068271058317,71.41974274391298,,,,0.6,62.368186235427856,branch drift/missing parity sector
1D n=5,residual,2,False,9.869605421616283,246.74011002723395,95.99999958639602,95.99999958639602,0.0,4.0,,,2.524019956588745,wrong nodes/lower-state collapse
1D n=5,penalty,2,False,9.869177919012149,246.74011002723395,96.00017284667547,96.00017284667547,0.0,4.0,,,1.610576868057251,wrong nodes/lower-state collapse
1D n=5,projection,2,False,245.1116087162725,246.74011002723395,0.6600067215588474,0.6600067215588474,4.0,4.0,,,2.6667282581329346,energy error
disk m=1,state_by_state,2,False,16.04352963048221,14.681970642123895,9.273680090681298,9.273680090681298,,,0.9884445863300707,,5.944983005523682,energy error
disk m=1,subspace_ritz,2,False,11.476390660010937,14.681970642123895,33.63667831571897,33.63667831571897,,,0.001427844465865752,,14.370913982391357,low subspace weight
ellipse split,generic_subspace,2,False,,,32.34876016858388,68.03443438350368,,,,0.0,25.397825002670288,branch drift/missing parity sector
ellipse split,symmetry_sectors,2,False,,,29.62139939723823,48.94727104158976,,,,0.4,37.75942897796631,branch drift/missing parity sector
1D n=5,residual,3,False,9.869607486420154,246.74011002723395,95.99999874956252,95.99999874956252,0.0,4.0,,,1.3045680522918701,wrong nodes/lower-state collapse
1D n=5,penalty,3,False,9.869411108078467,246.74011002723395,96.00007833870661,96.00007833870661,0.0,4.0,,,0.912938117980957,wrong nodes/lower-state collapse
1D n=5,projection,3,False,245.24110591963347,246.74011002723395,0.6075234818672293,0.6075234818672293,4.0,4.0,,,1.5573439598083496,energy error
disk m=1,state_by_state,3,False,15.898786535303982,14.681970642123895,8.287824045151899,8.287824045151899,,,0.9881021934641261,,3.7183139324188232,energy error
disk m=1,subspace_ritz,3,False,11.13057096391245,14.681970642123895,45.36790948787002,45.36790948787002,,,0.0009730597319548717,,8.268599033355713,low subspace weight
ellipse split,generic_subspace,3,False,,,31.12398138742709,63.4831179559285,,,,0.0,23.720386743545532,branch drift/missing parity sector
ellipse split,symmetry_sectors,3,False,,,6.828310740720257,26.587891360677343,,,,1.0,37.61364221572876,branch drift/missing parity sector
1D n=5,residual,4,False,45.89532107610213,246.74011002723395,81.3993269796968,81.3993269796968,1.0,4.0,,,1.3156089782714844,wrong nodes/lower-state collapse
1D n=5,penalty,4,False,9.87287611686818,246.74011002723395,95.99867402353898,95.99867402353898,0.0,4.0,,,0.9045548439025879,wrong nodes/lower-state collapse
1D n=5,projection,4,False,245.24025280617292,246.74011002723395,0.607869235729646,0.607869235729646,4.0,4.0,,,1.5782318115234375,energy error
disk m=1,state_by_state,4,False,15.988159108905135,14.681970642123895,8.896547327466163,8.896547327466163,,,0.9869834893088371,,3.7414462566375732,energy error
disk m=1,subspace_ritz,4,False,11.255351126718377,14.681970642123895,39.116953686263265,39.116953686263265,,,0.001196428993382051,,8.193193912506104,low subspace weight
ellipse split,generic_subspace,4,False,,,32.156280364849906,66.53247847755887,,,,0.0,23.597719192504883,branch drift/missing parity sector
ellipse split,symmetry_sectors,4,False,,,20.317945854644318,50.463763645829786,,,,0.6,37.696908950805664,branch drift/missing parity sector
1D n=5,residual,5,False,9.869605009069991,246.74011002723395,95.99999975359474,95.99999975359474,0.0,4.0,,,1.4113478660583496,wrong nodes/lower-state collapse
1D n=5,penalty,5,False,9.870104290309834,246.74011002723395,95.99979740252998,95.99979740252998,0.0,4.0,,,0.8977687358856201,wrong nodes/lower-state collapse
1D n=5,projection,5,False,245.18922147403438,246.74011002723395,0.6285514556301328,0.6285514556301328,4.0,4.0,,,1.5447709560394287,energy error
disk m=1,state_by_state,5,False,15.572950881734918,14.681970642123895,6.068533041843313,6.068533041843313,,,0.986755858417252,,3.744403123855591,energy error
disk m=1,subspace_ritz,5,False,11.277371111004536,14.681970642123895,33.721172261911505,33.721172261911505,,,2.367212849717121e-06,,8.41538405418396,low subspace weight
ellipse split,generic_subspace,5,False,,,35.953368094644574,87.71679163584244,,,,0.0,23.546831846237183,branch drift/missing parity sector
ellipse split,symmetry_sectors,5,False,,,15.47154993481664,41.139837486414166,,,,0.2,37.37333035469055,branch drift/missing parity sector
1D n=5,residual,6,False,342.97058024731416,246.74011002723395,39.00074058062905,39.00074058062905,5.0,4.0,,,1.3278331756591797,wrong nodes/lower-state collapse
1D n=5,penalty,6,False,9.870548496620952,246.74011002723395,95.99961737249306,95.99961737249306,0.0,4.0,,,0.8953237533569336,wrong nodes/lower-state collapse
1D n=5,projection,6,False,245.1588492770738,246.74011002723395,0.6408608434135856,0.6408608434135856,4.0,4.0,,,1.5525119304656982,energy error
disk m=1,state_by_state,6,False,15.910580462586315,14.681970642123895,8.368153365852866,8.368153365852866,,,0.9894506156139035,,3.4974923133850098,energy error
disk m=1,subspace_ritz,6,False,11.203943362554263,14.681970642123895,29.786609763177406,29.786609763177406,,,0.0017185663936189846,,8.324602842330933,low subspace weight
ellipse split,generic_subspace,6,False,,,30.234700126945064,59.17389616176705,,,,0.0,23.61349320411682,branch drift/missing parity sector
ellipse split,symmetry_sectors,6,False,,,15.09332972007483,38.56650513560693,,,,1.0,39.26419401168823,branch drift/missing parity sector
1D n=5,residual,7,False,9.875662691592748,246.74011002723395,95.9975446673414,95.9975446673414,0.0,4.0,,,1.5744907855987549,wrong nodes/lower-state collapse
1D n=5,penalty,7,False,9.870123795232903,246.74011002723395,95.9997894974824,95.9997894974824,0.0,4.0,,,0.8902068138122559,wrong nodes/lower-state collapse
1D n=5,projection,7,False,244.9709154161234,246.74011002723395,0.7170275683654653,0.7170275683654653,4.0,4.0,,,1.6429719924926758,energy error
disk m=1,state_by_state,7,False,15.3591354598131,14.681970642123895,4.612220213452531,4.612220213452531,,,0.9846246471738047,,3.6106059551239014,energy error
disk m=1,subspace_ritz,7,False,11.237552617597064,14.681970642123895,42.39445529280759,42.39445529280759,,,0.021535844788855604,,8.229396104812622,low subspace weight
ellipse split,generic_subspace,7,False,,,36.6869633557518,76.1698363911637,,,,0.0,23.756618976593018,branch drift/missing parity sector
ellipse split,symmetry_sectors,7,False,,,27.232711841287074,65.12585493760096,,,,0.8,37.613065004348755,branch drift/missing parity sector
1D n=5,residual,8,True,246.7413897707314,246.74011002723395,0.0005186605036746097,0.0005186605036746097,4.0,4.0,,,1.4096789360046387,stable
1D n=5,penalty,8,False,9.869201717754445,246.74011002723395,96.00016320140851,96.00016320140851,0.0,4.0,,,0.9130380153656006,wrong nodes/lower-state collapse
1D n=5,projection,8,False,248.11839697990632,246.74011002723395,0.5585986617742207,0.5585986617742207,4.0,4.0,,,1.5653009414672852,energy error
disk m=1,state_by_state,8,False,15.777177708610271,14.681970642123895,7.45953723231218,7.45953723231218,,,0.9853598991708495,,3.709280014038086,energy error
disk m=1,subspace_ritz,8,False,11.049174603157226,14.681970642123895,33.67140285458248,33.67140285458248,,,6.165026860267429e-06,,8.289309024810791,low subspace weight
ellipse split,generic_subspace,8,False,,,29.58569728704763,57.40052903554733,,,,0.0,23.418463945388794,branch drift/missing parity sector
ellipse split,symmetry_sectors,8,False,,,21.070748413385523,44.916776539136556,,,,0.6,37.57656788825989,branch drift/missing parity sector
1D n=5,residual,9,False,458.40027947070695,246.74011002723395,85.78263559180184,85.78263559180184,6.0,4.0,,,1.3921489715576172,wrong nodes/lower-state collapse
1D n=5,penalty,9,False,9.874638637310685,246.74011002723395,95.99795970090928,95.99795970090928,0.0,4.0,,,0.9160230159759521,wrong nodes/lower-state collapse
1D n=5,projection,9,False,245.1586611021205,246.74011002723395,0.6409371078495898,0.6409371078495898,4.0,4.0,,,1.5736501216888428,energy error
disk m=1,state_by_state,9,False,15.652296046759822,14.681970642123895,6.608958894468679,6.608958894468679,,,0.9940633118144613,,3.7935540676116943,energy error
disk m=1,subspace_ritz,9,False,11.203735343976417,14.681970642123895,51.11314532541589,51.11314532541589,,,0.011647598114652987,,8.18543004989624,low subspace weight
ellipse split,generic_subspace,9,False,,,34.057629089780896,65.86474721904801,,,,0.0,23.55838894844055,branch drift/missing parity sector
ellipse split,symmetry_sectors,9,False,,,21.176775531817924,62.2020676706367,,,,0.4,37.607410192489624,branch drift/missing parity sector
1D n=5,residual,10,False,158.1128804723689,246.74011002723395,35.91926320576044,35.91926320576044,3.0,4.0,,,1.3862600326538086,wrong nodes/lower-state collapse
1D n=5,penalty,10,False,9.870386342839744,246.74011002723395,95.99968309094525,95.99968309094525,0.0,4.0,,,0.9113469123840332,wrong nodes/lower-state collapse
1D n=5,projection,10,False,245.1991780406607,246.74011002723395,0.624516211167759,0.624516211167759,4.0,4.0,,,1.5540649890899658,energy error
disk m=1,state_by_state,10,False,15.752386376499944,14.681970642123895,7.2906816153475305,7.2906816153475305,,,0.9876210725428458,,3.717348098754883,energy error
disk m=1,subspace_ritz,10,False,11.498789041759768,14.681970642123895,37.0182734986006,37.0182734986006,,,0.01771797742346293,,8.303041934967041,low subspace weight
ellipse split,generic_subspace,10,False,,,37.90928820824669,88.41017067399106,,,,0.0,23.351948022842407,branch drift/missing parity sector
ellipse split,symmetry_sectors,10,False,,,20.377567828952998,48.94354722288143,,,,0.8,37.95120406150818,branch drift/missing parity sector
1D n=5,residual,11,False,88.82675640234376,246.74011002723395,63.999871608819696,63.999871608819696,2.0,4.0,,,1.4064030647277832,wrong nodes/lower-state collapse
1D n=5,penalty,11,False,9.869568626208187,246.74011002723395,96.00001449901322,96.00001449901322,0.0,4.0,,,0.9165260791778564,wrong nodes/lower-state collapse
1D n=5,projection,11,False,245.15405132055864,246.74011002723395,0.6428053819463141,0.6428053819463141,4.0,4.0,,,1.5707850456237793,energy error
disk m=1,state_by_state,11,False,15.961007432435828,14.681970642123895,8.711615228559722,8.711615228559722,,,0.9887226418108932,,3.7544970512390137,energy error
disk m=1,subspace_ritz,11,False,11.416078685858599,14.681970642123895,34.79306735169386,34.79306735169386,,,3.386242493172403e-05,,8.282356977462769,low subspace weight
ellipse split,generic_subspace,11,False,,,34.527929473169,78.58293937095871,,,,0.0,23.501403093338013,branch drift/missing parity sector
ellipse split,symmetry_sectors,11,False,,,12.629785309235322,34.20883996124173,,,,0.6,38.05733585357666,branch drift/missing parity sector
1D n=5,residual,12,False,9.869603934385786,246.74011002723395,96.00000018914783,96.00000018914783,0.0,4.0,,,1.3516969680786133,wrong nodes/lower-state collapse
1D n=5,penalty,12,False,9.870417637126568,246.74011002723395,95.99967040784851,95.99967040784851,0.0,4.0,,,0.8839550018310547,wrong nodes/lower-state collapse
1D n=5,projection,12,False,244.85852109042952,246.74011002723395,0.7625792728214125,0.7625792728214125,4.0,4.0,,,1.5648579597473145,energy error
disk m=1,state_by_state,12,False,15.984028795547717,14.681970642123895,8.868415454313059,8.868415454313059,,,0.9871128951396795,,3.7794129848480225,energy error
disk m=1,subspace_ritz,12,False,11.289611380036344,14.681970642123895,37.60427331154102,37.60427331154102,,,0.1718888342568752,,8.270417928695679,low subspace weight
ellipse split,generic_subspace,12,False,,,32.92779513746824,63.89069001298888,,,,0.0,23.4414279460907,branch drift/missing parity sector
ellipse split,symmetry_sectors,12,False,,,28.69961009946809,60.31828352448801,,,,0.6,37.96805787086487,branch drift/missing parity sector
1D n=5,residual,13,False,170.9031634431267,246.74011002723395,30.73555676688997,30.73555676688997,3.0,4.0,,,1.37453293800354,wrong nodes/lower-state collapse
1D n=5,penalty,13,False,9.873613957707235,246.74011002723395,95.99837498791037,95.99837498791037,0.0,4.0,,,0.9423182010650635,wrong nodes/lower-state collapse
1D n=5,projection,13,False,245.24891074955113,246.74011002723395,0.6043603034456915,0.6043603034456915,4.0,4.0,,,1.5481746196746826,energy error
disk m=1,state_by_state,13,False,15.902486515782325,14.681970642123895,8.313024888884193,8.313024888884193,,,0.9881931840685136,,3.7471718788146973,energy error
disk m=1,subspace_ritz,13,False,11.23442614582123,14.681970642123895,34.74725210924402,34.74725210924402,,,0.0022449543383011037,,8.325442790985107,low subspace weight
ellipse split,generic_subspace,13,False,,,28.98463544600087,56.723546018311865,,,,0.0,23.60027003288269,branch drift/missing parity sector
ellipse split,symmetry_sectors,13,False,,,31.508265205690254,63.13552126049804,,,,0.2,37.57884383201599,branch drift/missing parity sector
1D n=5,residual,14,False,91.71354856331052,246.74011002723395,62.8298988141054,62.8298988141054,2.0,4.0,,,1.345095157623291,wrong nodes/lower-state collapse
1D n=5,penalty,14,False,9.869927156756725,246.74011002723395,95.99986919205502,95.99986919205502,0.0,4.0,,,0.9051039218902588,wrong nodes/lower-state collapse
1D n=5,projection,14,False,245.17956678432736,246.74011002723395,0.6324643539853917,0.6324643539853917,4.0,4.0,,,1.5813519954681396,energy error
disk m=1,state_by_state,14,False,15.47271238476695,14.681970642123895,5.38580114289526,5.38580114289526,,,0.9868185608493459,,3.7904770374298096,energy error
disk m=1,subspace_ritz,14,False,11.354601448526623,14.681970642123895,43.06024934086176,43.06024934086176,,,0.016311349565205996,,8.298973083496094,low subspace weight
ellipse split,generic_subspace,14,False,,,33.41130230608051,68.40346995762798,,,,0.0,23.407235860824585,branch drift/missing parity sector
ellipse split,symmetry_sectors,14,False,,,27.428399985141237,67.72108472964995,,,,0.6,37.66339874267578,branch drift/missing parity sector
1D n=5,residual,15,False,88.82786191829076,246.74011002723395,63.99942356008255,63.99942356008255,2.0,4.0,,,1.375452995300293,wrong nodes/lower-state collapse
1D n=5,penalty,15,False,9.869063247315466,246.74011002723395,96.0002193213636,96.0002193213636,0.0,4.0,,,0.8962008953094482,wrong nodes/lower-state collapse
1D n=5,projection,15,False,245.22142171181923,246.74011002723395,0.6155011908064302,0.6155011908064302,4.0,4.0,,,1.5623269081115723,energy error
disk m=1,state_by_state,15,False,15.51084346452184,14.681970642123895,5.645514778648537,5.645514778648537,,,0.9938897504801808,,3.7214457988739014,energy error
disk m=1,subspace_ritz,15,False,11.008342848353376,14.681970642123895,39.093836073928856,39.093836073928856,,,0.07320727847327539,,8.399223804473877,low subspace weight
ellipse split,generic_subspace,15,False,,,31.796780256596406,64.69089013390011,,,,0.0,23.410609006881714,branch drift/missing parity sector
ellipse split,symmetry_sectors,15,False,,,15.678086686995567,54.826408441263155,,,,0.8,37.86900019645691,branch drift/missing parity sector
1D n=5,residual,16,False,9.86960701611514,246.74011002723395,95.99999894016997,95.99999894016997,0.0,4.0,,,1.3908159732818604,wrong nodes/lower-state collapse
1D n=5,penalty,16,False,9.86865198509,246.74011002723395,96.00038599966551,96.00038599966551,0.0,4.0,,,0.9158878326416016,wrong nodes/lower-state collapse
1D n=5,projection,16,False,245.03501241689992,246.74011002723395,0.6910500324190647,0.6910500324190647,4.0,4.0,,,1.5636229515075684,energy error
disk m=1,state_by_state,16,False,15.974359329571337,14.681970642123895,8.802555998439763,8.802555998439763,,,0.9886398058969788,,3.7603702545166016,energy error
disk m=1,subspace_ritz,16,False,11.61260028074511,14.681970642123895,39.3692861417693,39.3692861417693,,,0.00018756172113373092,,8.27524185180664,low subspace weight
ellipse split,generic_subspace,16,False,,,32.160021358982576,64.82112589059994,,,,0.0,23.592527151107788,branch drift/missing parity sector
ellipse split,symmetry_sectors,16,False,,,20.631140070467836,65.15465787852129,,,,0.8,37.82144498825073,branch drift/missing parity sector
1D n=5,residual,17,False,88.8286797698332,246.74011002723395,63.99909209733726,63.99909209733726,2.0,4.0,,,1.3740129470825195,wrong nodes/lower-state collapse
1D n=5,penalty,17,False,9.870024892550726,246.74011002723395,95.99982958122969,95.99982958122969,0.0,4.0,,,0.892786979675293,wrong nodes/lower-state collapse
1D n=5,projection,17,False,244.95680851504918,246.74011002723395,0.7227448800229301,0.7227448800229301,4.0,4.0,,,1.5800268650054932,energy error
disk m=1,state_by_state,17,False,15.940156961024346,14.681970642123895,8.569601108522866,8.569601108522866,,,0.9901785879707099,,3.761657238006592,energy error
disk m=1,subspace_ritz,17,False,11.207417045869425,14.681970642123895,39.58047917512788,39.58047917512788,,,0.3592610173172847,,8.288836240768433,low subspace weight
ellipse split,generic_subspace,17,False,,,35.51730569979261,70.43674005888707,,,,0.0,23.396495819091797,branch drift/missing parity sector
ellipse split,symmetry_sectors,17,False,,,19.633504505896546,59.00973272010369,,,,1.0,37.987191915512085,branch drift/missing parity sector
1D n=5,residual,18,False,39.4815367247573,246.74011002723395,83.99873586811665,83.99873586811665,1.0,4.0,,,1.3117570877075195,wrong nodes/lower-state collapse
1D n=5,penalty,18,False,9.870447539194956,246.74011002723395,95.99965828899668,95.99965828899668,0.0,4.0,,,0.9332568645477295,wrong nodes/lower-state collapse
1D n=5,projection,18,False,245.23365374487358,246.74011002723395,0.610543734536756,0.610543734536756,4.0,4.0,,,1.582768201828003,energy error
disk m=1,state_by_state,18,False,15.91641249596375,14.681970642123895,8.407875781321408,8.407875781321408,,,0.9885902506695172,,3.732429027557373,energy error
disk m=1,subspace_ritz,18,False,11.467460892241743,14.681970642123895,29.23592249809893,29.23592249809893,,,0.005189265822400887,,8.330217838287354,low subspace weight
ellipse split,generic_subspace,18,False,,,29.283755955796373,60.89560650934881,,,,0.0,24.290040969848633,branch drift/missing parity sector
ellipse split,symmetry_sectors,18,False,,,26.192845429541087,59.74843834244578,,,,0.2,37.96720218658447,branch drift/missing parity sector
1D n=5,residual,19,False,496.6706605840006,246.74011002723395,101.29303684317095,101.29303684317095,6.0,4.0,,,1.3493149280548096,wrong nodes/lower-state collapse
1D n=5,penalty,19,False,9.88566962074355,246.74011002723395,95.99348901171665,95.99348901171665,0.0,4.0,,,0.9262821674346924,wrong nodes/lower-state collapse
1D n=5,projection,19,False,245.10620272425066,246.74011002723395,0.6621976876005066,0.6621976876005066,4.0,4.0,,,1.5710201263427734,energy error
disk m=1,state_by_state,19,False,15.029218433379162,14.681970642123895,2.3651306743454574,2.3651306743454574,,,0.9848101213297857,,3.6819989681243896,energy error
disk m=1,subspace_ritz,19,False,11.248771079398844,14.681970642123895,59.245596224499,59.245596224499,,,0.10527828139600637,,8.485200881958008,low subspace weight
ellipse split,generic_subspace,19,False,,,46.182811809945385,98.33633805844246,,,,0.0,23.712968826293945,branch drift/missing parity sector
ellipse split,symmetry_sectors,19,False,,,19.2599535589625,52.784486120195346,,,,0.8,35.780056953430176,branch drift/missing parity sector
