case,method,script,seed,seed_argument_available,returncode,runtime_s,log_path,note,success,rel_error_percent,max_rel_error_percent,subspace_weight,parity_score,nodes,nodes_expected,failure_mode,parsed_rows
1D n=5,baseline state-by-state,train_pinn_1d.py,0,True,0,5.953600883483887,data/ablation_native_logs/1D_n5__baseline_state-by-state__seed0.log,native baseline 1D script,False,83.3236,113.3475,,,,,energy error,5
1D n=5,projected Rayleigh,train_pinn_1d_projected_v2.py,0,True,0,36.68576693534851,data/ablation_native_logs/1D_n5__projected_Rayleigh__seed0.log,native projected 1D script,True,0.0335,0.0335,,,4.0,4.0,stable,5
square doublet,subspace Ritz,train_pinn_square_2d_subspace.py,0,True,0,34.19047975540161,data/ablation_native_logs/square_doublet__subspace_Ritz__seed0.log,native square subspace script,True,0.0878,0.1178,0.99995,,,,stable,4
disk m=1,subspace Ritz,train_pinn_disk_2d_subspace.py,0,True,0,78.12768197059631,data/ablation_native_logs/disk_m1__subspace_Ritz__seed0.log,native disk subspace script,True,0.0005,0.0005,1.0,,,,stable,3
ellipse split,generic subspace,train_pinn_ellipse_2d_splitting.py,0,True,0,197.43054676055908,data/ablation_native_logs/ellipse_split__generic_subspace__seed0.log,native generic ellipse script,False,649.7870977990341,3586.741893492455,,0.0,,,branch drift/generic subspace instability,5
ellipse split,symmetry sectors,train_pinn_ellipse_2d_symmetry_v2.py,0,True,0,384.4749460220337,data/ablation_native_logs/ellipse_split__symmetry_sectors__seed0.log,native symmetry-sector ellipse script,True,1.6169527804661201,1.950234880830691,,1.0,,,stable branch tracking,5
1D n=5,baseline state-by-state,train_pinn_1d.py,1,True,0,4.977302074432373,data/ablation_native_logs/1D_n5__baseline_state-by-state__seed1.log,native baseline 1D script,False,95.9631,95.9631,,,,,energy error,5
1D n=5,projected Rayleigh,train_pinn_1d_projected_v2.py,1,True,0,28.868873119354248,data/ablation_native_logs/1D_n5__projected_Rayleigh__seed1.log,native projected 1D script,True,0.0228,0.0231,,,4.0,4.0,stable,5
square doublet,subspace Ritz,train_pinn_square_2d_subspace.py,1,True,0,39.74195194244385,data/ablation_native_logs/square_doublet__subspace_Ritz__seed1.log,native square subspace script,True,0.0878,0.1178,0.99995,,,,stable,4
disk m=1,subspace Ritz,train_pinn_disk_2d_subspace.py,1,True,0,85.11439800262451,data/ablation_native_logs/disk_m1__subspace_Ritz__seed1.log,native disk subspace script,True,0.00035,0.0004,1.0,,,,stable,3
ellipse split,generic subspace,train_pinn_ellipse_2d_splitting.py,1,True,0,203.7661488056183,data/ablation_native_logs/ellipse_split__generic_subspace__seed1.log,native generic ellipse script,False,806.5824370073439,3381.426821650153,,0.0,,,branch drift/generic subspace instability,5
ellipse split,symmetry sectors,train_pinn_ellipse_2d_symmetry_v2.py,1,True,0,435.5708432197571,data/ablation_native_logs/ellipse_split__symmetry_sectors__seed1.log,native symmetry-sector ellipse script,True,1.6759767351612307,1.9963885002545159,,1.0,,,stable branch tracking,5
1D n=5,baseline state-by-state,train_pinn_1d.py,2,True,0,4.950181245803833,data/ablation_native_logs/1D_n5__baseline_state-by-state__seed2.log,native baseline 1D script,False,83.8209,116.6305,,,,,energy error,5
1D n=5,projected Rayleigh,train_pinn_1d_projected_v2.py,2,True,0,35.594614028930664,data/ablation_native_logs/1D_n5__projected_Rayleigh__seed2.log,native projected 1D script,True,0.0234,0.0234,,,4.0,4.0,stable,5
square doublet,subspace Ritz,train_pinn_square_2d_subspace.py,2,True,0,34.54346179962158,data/ablation_native_logs/square_doublet__subspace_Ritz__seed2.log,native square subspace script,True,0.0279,0.0319,1.0,,,,stable,4
disk m=1,subspace Ritz,train_pinn_disk_2d_subspace.py,2,True,0,88.23407697677612,data/ablation_native_logs/disk_m1__subspace_Ritz__seed2.log,native disk subspace script,True,0.0005,0.0006,1.0,,,,stable,3
ellipse split,generic subspace,train_pinn_ellipse_2d_splitting.py,2,True,0,252.4209690093994,data/ablation_native_logs/ellipse_split__generic_subspace__seed2.log,native generic ellipse script,False,1041.9543138316667,3422.382662326056,,0.0,,,branch drift/generic subspace instability,5
ellipse split,symmetry sectors,train_pinn_ellipse_2d_symmetry_v2.py,2,True,0,386.7344923019409,data/ablation_native_logs/ellipse_split__symmetry_sectors__seed2.log,native symmetry-sector ellipse script,True,1.5886185669093975,1.7901136516292309,,1.0,,,stable branch tracking,5
1D n=5,baseline state-by-state,train_pinn_1d.py,3,True,0,4.9949049949646,data/ablation_native_logs/1D_n5__baseline_state-by-state__seed3.log,native baseline 1D script,False,84.4459,117.4957,,,,,energy error,5
1D n=5,projected Rayleigh,train_pinn_1d_projected_v2.py,3,True,0,37.09884595870972,data/ablation_native_logs/1D_n5__projected_Rayleigh__seed3.log,native projected 1D script,True,0.0245,0.0252,,,4.0,4.0,stable,5
square doublet,subspace Ritz,train_pinn_square_2d_subspace.py,3,True,0,42.41551899909973,data/ablation_native_logs/square_doublet__subspace_Ritz__seed3.log,native square subspace script,True,0.0279,0.0319,1.0,,,,stable,4
disk m=1,subspace Ritz,train_pinn_disk_2d_subspace.py,3,True,0,86.8824520111084,data/ablation_native_logs/disk_m1__subspace_Ritz__seed3.log,native disk subspace script,True,0.00045,0.0005,1.0,,,,stable,3
ellipse split,generic subspace,train_pinn_ellipse_2d_splitting.py,3,True,0,192.1131613254547,data/ablation_native_logs/ellipse_split__generic_subspace__seed3.log,native generic ellipse script,False,1025.091276978273,3422.382662326056,,0.0,,,branch drift/generic subspace instability,5
ellipse split,symmetry sectors,train_pinn_ellipse_2d_symmetry_v2.py,3,True,0,386.8621349334717,data/ablation_native_logs/ellipse_split__symmetry_sectors__seed3.log,native symmetry-sector ellipse script,True,1.5775763679921906,1.738134584317647,,1.0,,,stable branch tracking,5
1D n=5,baseline state-by-state,train_pinn_1d.py,4,True,0,5.180048227310181,data/ablation_native_logs/1D_n5__baseline_state-by-state__seed4.log,native baseline 1D script,False,95.97,95.97,,,,,energy error,5
1D n=5,projected Rayleigh,train_pinn_1d_projected_v2.py,4,True,0,31.987547159194946,data/ablation_native_logs/1D_n5__projected_Rayleigh__seed4.log,native projected 1D script,True,0.0366,0.0366,,,4.0,4.0,stable,5
square doublet,subspace Ritz,train_pinn_square_2d_subspace.py,4,True,0,44.03807020187378,data/ablation_native_logs/square_doublet__subspace_Ritz__seed4.log,native square subspace script,True,0.0279,0.0319,1.0,,,,stable,4
disk m=1,subspace Ritz,train_pinn_disk_2d_subspace.py,4,True,0,104.31552004814148,data/ablation_native_logs/disk_m1__subspace_Ritz__seed4.log,native disk subspace script,True,0.00045,0.0005,1.0,,,,stable,3
ellipse split,generic subspace,train_pinn_ellipse_2d_splitting.py,4,True,0,223.10682702064514,data/ablation_native_logs/ellipse_split__generic_subspace__seed4.log,native generic ellipse script,False,555.0848295320438,1762.0385522249537,,0.0,,,branch drift/generic subspace instability,5
ellipse split,symmetry sectors,train_pinn_ellipse_2d_symmetry_v2.py,4,True,0,458.7483148574829,data/ablation_native_logs/ellipse_split__symmetry_sectors__seed4.log,native symmetry-sector ellipse script,True,1.596583035960184,1.8078658816036914,,1.0,,,stable branch tracking,5
1D n=5,baseline state-by-state,train_pinn_1d.py,5,True,0,5.227967023849487,data/ablation_native_logs/1D_n5__baseline_state-by-state__seed5.log,native baseline 1D script,False,59.3883,131.4778,,,,,energy error,5
1D n=5,projected Rayleigh,train_pinn_1d_projected_v2.py,5,True,0,37.376461029052734,data/ablation_native_logs/1D_n5__projected_Rayleigh__seed5.log,native projected 1D script,True,0.0224,0.0224,,,4.0,4.0,stable,5
square doublet,subspace Ritz,train_pinn_square_2d_subspace.py,5,True,0,43.18293213844299,data/ablation_native_logs/square_doublet__subspace_Ritz__seed5.log,native square subspace script,True,0.031100000000000003,0.0316,1.0,,,,stable,4
disk m=1,subspace Ritz,train_pinn_disk_2d_subspace.py,5,True,0,87.40864276885986,data/ablation_native_logs/disk_m1__subspace_Ritz__seed5.log,native disk subspace script,True,0.0004,0.0004,1.0,,,,stable,3
ellipse split,generic subspace,train_pinn_ellipse_2d_splitting.py,5,True,0,194.74953293800354,data/ablation_native_logs/ellipse_split__generic_subspace__seed5.log,native generic ellipse script,False,501.5440459540582,1762.0385522249537,,0.0,,,branch drift/generic subspace instability,5
ellipse split,symmetry sectors,train_pinn_ellipse_2d_symmetry_v2.py,5,True,0,475.45564675331116,data/ablation_native_logs/ellipse_split__symmetry_sectors__seed5.log,native symmetry-sector ellipse script,True,1.6642561986094992,1.9141177597462817,,1.0,,,stable branch tracking,5
1D n=5,baseline state-by-state,train_pinn_1d.py,6,True,0,5.082127809524536,data/ablation_native_logs/1D_n5__baseline_state-by-state__seed6.log,native baseline 1D script,False,57.9171,109.8015,,,,,energy error,5
1D n=5,projected Rayleigh,train_pinn_1d_projected_v2.py,6,True,0,29.945807933807373,data/ablation_native_logs/1D_n5__projected_Rayleigh__seed6.log,native projected 1D script,True,0.0264,0.0292,,,4.0,4.0,stable,5
square doublet,subspace Ritz,train_pinn_square_2d_subspace.py,6,True,0,36.14452815055847,data/ablation_native_logs/square_doublet__subspace_Ritz__seed6.log,native square subspace script,True,0.031100000000000003,0.0316,1.0,,,,stable,4
disk m=1,subspace Ritz,train_pinn_disk_2d_subspace.py,6,True,0,94.83931994438171,data/ablation_native_logs/disk_m1__subspace_Ritz__seed6.log,native disk subspace script,True,0.0004,0.0004,1.0,,,,stable,3
ellipse split,generic subspace,train_pinn_ellipse_2d_splitting.py,6,True,0,264.13499212265015,data/ablation_native_logs/ellipse_split__generic_subspace__seed6.log,native generic ellipse script,False,529.6797761145341,1785.9132618273113,,0.0,,,branch drift/generic subspace instability,5
ellipse split,symmetry sectors,train_pinn_ellipse_2d_symmetry_v2.py,6,True,0,408.0846321582794,data/ablation_native_logs/ellipse_split__symmetry_sectors__seed6.log,native symmetry-sector ellipse script,True,1.6518997659187509,1.791949902480029,,1.0,,,stable branch tracking,5
1D n=5,baseline state-by-state,train_pinn_1d.py,7,True,0,5.164132118225098,data/ablation_native_logs/1D_n5__baseline_state-by-state__seed7.log,native baseline 1D script,False,95.9689,95.9689,,,,,energy error,5
1D n=5,projected Rayleigh,train_pinn_1d_projected_v2.py,7,True,0,36.4489688873291,data/ablation_native_logs/1D_n5__projected_Rayleigh__seed7.log,native projected 1D script,True,0.0235,0.0242,,,4.0,4.0,stable,5
square doublet,subspace Ritz,train_pinn_square_2d_subspace.py,7,True,0,40.383811950683594,data/ablation_native_logs/square_doublet__subspace_Ritz__seed7.log,native square subspace script,True,0.0414,0.0484,0.99995,,,,stable,4
disk m=1,subspace Ritz,train_pinn_disk_2d_subspace.py,7,True,0,85.12947988510132,data/ablation_native_logs/disk_m1__subspace_Ritz__seed7.log,native disk subspace script,True,0.0005,0.0005,1.0,,,,stable,3
ellipse split,generic subspace,train_pinn_ellipse_2d_splitting.py,7,True,0,188.90480184555054,data/ablation_native_logs/ellipse_split__generic_subspace__seed7.log,native generic ellipse script,False,312.8145193170666,1075.9315899178973,,0.0,,,branch drift/generic subspace instability,5
ellipse split,symmetry sectors,train_pinn_ellipse_2d_symmetry_v2.py,7,True,0,411.9412491321564,data/ablation_native_logs/ellipse_split__symmetry_sectors__seed7.log,native symmetry-sector ellipse script,True,1.6844707694369263,1.8476236727459212,,1.0,,,stable branch tracking,5
1D n=5,baseline state-by-state,train_pinn_1d.py,8,True,0,5.256763935089111,data/ablation_native_logs/1D_n5__baseline_state-by-state__seed8.log,native baseline 1D script,False,83.7017,119.3241,,,,,energy error,5
1D n=5,projected Rayleigh,train_pinn_1d_projected_v2.py,8,True,0,38.214762926101685,data/ablation_native_logs/1D_n5__projected_Rayleigh__seed8.log,native projected 1D script,True,0.0243,0.0271,,,4.0,4.0,stable,5
square doublet,subspace Ritz,train_pinn_square_2d_subspace.py,8,True,0,45.182016134262085,data/ablation_native_logs/square_doublet__subspace_Ritz__seed8.log,native square subspace script,True,0.0342,0.0394,1.0,,,,stable,4
disk m=1,subspace Ritz,train_pinn_disk_2d_subspace.py,8,True,0,96.87233686447144,data/ablation_native_logs/disk_m1__subspace_Ritz__seed8.log,native disk subspace script,True,0.0004,0.0004,1.0,,,,stable,3
ellipse split,generic subspace,train_pinn_ellipse_2d_splitting.py,8,True,0,227.41416120529175,data/ablation_native_logs/ellipse_split__generic_subspace__seed8.log,native generic ellipse script,False,331.4416219123767,1643.7672897356554,,0.0,,,branch drift/generic subspace instability,5
ellipse split,symmetry sectors,train_pinn_ellipse_2d_symmetry_v2.py,8,True,0,439.3729250431061,data/ablation_native_logs/ellipse_split__symmetry_sectors__seed8.log,native symmetry-sector ellipse script,True,1.6187064202235768,1.8136728336113348,,1.0,,,stable branch tracking,5
1D n=5,baseline state-by-state,train_pinn_1d.py,9,True,0,5.936217784881592,data/ablation_native_logs/1D_n5__baseline_state-by-state__seed9.log,native baseline 1D script,False,59.6522,118.3654,,,,,energy error,5
1D n=5,projected Rayleigh,train_pinn_1d_projected_v2.py,9,True,0,31.381184101104736,data/ablation_native_logs/1D_n5__projected_Rayleigh__seed9.log,native projected 1D script,True,0.0237,0.0254,,,4.0,4.0,stable,5
square doublet,subspace Ritz,train_pinn_square_2d_subspace.py,9,True,0,40.00366497039795,data/ablation_native_logs/square_doublet__subspace_Ritz__seed9.log,native square subspace script,True,0.0342,0.0394,1.0,,,,stable,4
disk m=1,subspace Ritz,train_pinn_disk_2d_subspace.py,9,True,0,103.2238929271698,data/ablation_native_logs/disk_m1__subspace_Ritz__seed9.log,native disk subspace script,True,0.0004,0.0004,1.0,,,,stable,3
ellipse split,generic subspace,train_pinn_ellipse_2d_splitting.py,9,True,0,271.87704396247864,data/ablation_native_logs/ellipse_split__generic_subspace__seed9.log,native generic ellipse script,False,668.5515505950885,1976.5696979832367,,0.0,,,branch drift/generic subspace instability,5
ellipse split,symmetry sectors,train_pinn_ellipse_2d_symmetry_v2.py,9,True,0,625.3361370563507,data/ablation_native_logs/ellipse_split__symmetry_sectors__seed9.log,native symmetry-sector ellipse script,True,1.5609429975138638,1.7962643652052805,,1.0,,,stable branch tracking,5
1D n=5,baseline state-by-state,train_pinn_1d.py,10,True,0,5.588769912719727,data/ablation_native_logs/1D_n5__baseline_state-by-state__seed10.log,native baseline 1D script,False,27.9919,115.6958,,,,,energy error,5
1D n=5,projected Rayleigh,train_pinn_1d_projected_v2.py,10,True,0,38.758196115493774,data/ablation_native_logs/1D_n5__projected_Rayleigh__seed10.log,native projected 1D script,True,0.0355,0.0355,,,4.0,4.0,stable,5
square doublet,subspace Ritz,train_pinn_square_2d_subspace.py,10,True,0,46.779895067214966,data/ablation_native_logs/square_doublet__subspace_Ritz__seed10.log,native square subspace script,True,0.0342,0.0394,1.0,,,,stable,4
disk m=1,subspace Ritz,train_pinn_disk_2d_subspace.py,10,True,0,143.93912386894226,data/ablation_native_logs/disk_m1__subspace_Ritz__seed10.log,native disk subspace script,True,0.0004,0.0004,1.0,,,,stable,3
ellipse split,generic subspace,train_pinn_ellipse_2d_splitting.py,10,True,0,368.6399838924408,data/ablation_native_logs/ellipse_split__generic_subspace__seed10.log,native generic ellipse script,False,512.0609724892969,1976.5696979832367,,0.0,,,branch drift/generic subspace instability,5
ellipse split,symmetry sectors,train_pinn_ellipse_2d_symmetry_v2.py,10,True,0,627.1620757579803,data/ablation_native_logs/ellipse_split__symmetry_sectors__seed10.log,native symmetry-sector ellipse script,True,1.5868109005621664,2.1360428807065133,,1.0,,,stable branch tracking,5
1D n=5,baseline state-by-state,train_pinn_1d.py,11,True,0,5.042073011398315,data/ablation_native_logs/1D_n5__baseline_state-by-state__seed11.log,native baseline 1D script,False,22.1122,125.3924,,,,,energy error,5
1D n=5,projected Rayleigh,train_pinn_1d_projected_v2.py,11,True,0,29.305305242538452,data/ablation_native_logs/1D_n5__projected_Rayleigh__seed11.log,native projected 1D script,True,0.0329,0.0329,,,4.0,4.0,stable,5
square doublet,subspace Ritz,train_pinn_square_2d_subspace.py,11,True,0,33.74369478225708,data/ablation_native_logs/square_doublet__subspace_Ritz__seed11.log,native square subspace script,True,0.0342,0.0394,1.0,,,,stable,4
disk m=1,subspace Ritz,train_pinn_disk_2d_subspace.py,11,True,0,106.28235101699829,data/ablation_native_logs/disk_m1__subspace_Ritz__seed11.log,native disk subspace script,True,0.00045,0.0005,1.0,,,,stable,3
ellipse split,generic subspace,train_pinn_ellipse_2d_splitting.py,11,True,0,283.86572909355164,data/ablation_native_logs/ellipse_split__generic_subspace__seed11.log,native generic ellipse script,False,584.406086942914,3093.059749182741,,0.0,,,branch drift/generic subspace instability,5
ellipse split,symmetry sectors,train_pinn_ellipse_2d_symmetry_v2.py,11,True,0,445.41720819473267,data/ablation_native_logs/ellipse_split__symmetry_sectors__seed11.log,native symmetry-sector ellipse script,True,1.6057344816629224,1.9372419818721058,,1.0,,,stable branch tracking,5
1D n=5,baseline state-by-state,train_pinn_1d.py,12,True,0,6.033519983291626,data/ablation_native_logs/1D_n5__baseline_state-by-state__seed12.log,native baseline 1D script,False,83.4308,120.6663,,,,,energy error,5
1D n=5,projected Rayleigh,train_pinn_1d_projected_v2.py,12,True,0,41.53827786445618,data/ablation_native_logs/1D_n5__projected_Rayleigh__seed12.log,native projected 1D script,True,0.0272,0.034,,,4.0,4.0,stable,5
square doublet,subspace Ritz,train_pinn_square_2d_subspace.py,12,True,0,45.799192905426025,data/ablation_native_logs/square_doublet__subspace_Ritz__seed12.log,native square subspace script,True,0.03,0.0312,1.0,,,,stable,4
disk m=1,subspace Ritz,train_pinn_disk_2d_subspace.py,12,True,0,101.37006688117981,data/ablation_native_logs/disk_m1__subspace_Ritz__seed12.log,native disk subspace script,True,0.0004,0.0004,1.0,,,,stable,3
ellipse split,generic subspace,train_pinn_ellipse_2d_splitting.py,12,True,0,351.76260113716125,data/ablation_native_logs/ellipse_split__generic_subspace__seed12.log,native generic ellipse script,False,454.2610143258386,1314.9945848148307,,0.0,,,branch drift/generic subspace instability,5
ellipse split,symmetry sectors,train_pinn_ellipse_2d_symmetry_v2.py,12,True,0,510.93180108070374,data/ablation_native_logs/ellipse_split__symmetry_sectors__seed12.log,native symmetry-sector ellipse script,True,1.5940061880731906,1.9372419818721058,,1.0,,,stable branch tracking,5
1D n=5,baseline state-by-state,train_pinn_1d.py,13,True,0,6.014332056045532,data/ablation_native_logs/1D_n5__baseline_state-by-state__seed13.log,native baseline 1D script,False,60.3357,104.2534,,,,,energy error,5
1D n=5,projected Rayleigh,train_pinn_1d_projected_v2.py,13,True,0,41.787482261657715,data/ablation_native_logs/1D_n5__projected_Rayleigh__seed13.log,native projected 1D script,True,0.0295,0.0295,,,4.0,4.0,stable,5
square doublet,subspace Ritz,train_pinn_square_2d_subspace.py,13,True,0,44.3589072227478,data/ablation_native_logs/square_doublet__subspace_Ritz__seed13.log,native square subspace script,True,0.03,0.0312,1.0,,,,stable,4
disk m=1,subspace Ritz,train_pinn_disk_2d_subspace.py,13,True,0,80.2832989692688,data/ablation_native_logs/disk_m1__subspace_Ritz__seed13.log,native disk subspace script,True,0.0004,0.0004,1.0,,,,stable,3
ellipse split,generic subspace,train_pinn_ellipse_2d_splitting.py,13,True,0,196.11994695663452,data/ablation_native_logs/ellipse_split__generic_subspace__seed13.log,native generic ellipse script,False,633.2085458497958,2612.3079766496217,,0.0,,,branch drift/generic subspace instability,5
ellipse split,symmetry sectors,train_pinn_ellipse_2d_symmetry_v2.py,13,True,0,409.07614183425903,data/ablation_native_logs/ellipse_split__symmetry_sectors__seed13.log,native symmetry-sector ellipse script,True,1.600811229282519,1.8337600357553876,,1.0,,,stable branch tracking,5
1D n=5,baseline state-by-state,train_pinn_1d.py,14,True,0,5.908879041671753,data/ablation_native_logs/1D_n5__baseline_state-by-state__seed14.log,native baseline 1D script,False,95.9606,95.9606,,,,,energy error,5
1D n=5,projected Rayleigh,train_pinn_1d_projected_v2.py,14,True,0,52.026326179504395,data/ablation_native_logs/1D_n5__projected_Rayleigh__seed14.log,native projected 1D script,True,0.0217,0.0334,,,4.0,4.0,stable,5
square doublet,subspace Ritz,train_pinn_square_2d_subspace.py,14,True,0,36.09704804420471,data/ablation_native_logs/square_doublet__subspace_Ritz__seed14.log,native square subspace script,True,0.03,0.0312,1.0,,,,stable,4
disk m=1,subspace Ritz,train_pinn_disk_2d_subspace.py,14,True,0,1034.6817600727081,data/ablation_native_logs/disk_m1__subspace_Ritz__seed14.log,native disk subspace script,True,0.0004,0.0004,1.0,,,,stable,3
ellipse split,generic subspace,train_pinn_ellipse_2d_splitting.py,14,True,0,1149.010976076126,data/ablation_native_logs/ellipse_split__generic_subspace__seed14.log,native generic ellipse script,False,954.6443560420041,3912.4234005472417,,0.0,,,branch drift/generic subspace instability,5
ellipse split,symmetry sectors,train_pinn_ellipse_2d_symmetry_v2.py,14,True,0,673.2811090946198,data/ablation_native_logs/ellipse_split__symmetry_sectors__seed14.log,native symmetry-sector ellipse script,True,1.652646458897794,1.9695813858530367,,1.0,,,stable branch tracking,5
1D n=5,baseline state-by-state,train_pinn_1d.py,15,True,0,5.059236288070679,data/ablation_native_logs/1D_n5__baseline_state-by-state__seed15.log,native baseline 1D script,False,30.8945,111.2678,,,,,energy error,5
1D n=5,projected Rayleigh,train_pinn_1d_projected_v2.py,15,True,0,58.83145999908447,data/ablation_native_logs/1D_n5__projected_Rayleigh__seed15.log,native projected 1D script,True,0.03,0.0305,,,4.0,4.0,stable,5
square doublet,subspace Ritz,train_pinn_square_2d_subspace.py,15,True,0,39.756677865982056,data/ablation_native_logs/square_doublet__subspace_Ritz__seed15.log,native square subspace script,True,0.0643,0.0869,0.99995,,,,stable,4
disk m=1,subspace Ritz,train_pinn_disk_2d_subspace.py,15,True,0,161.3755440711975,data/ablation_native_logs/disk_m1__subspace_Ritz__seed15.log,native disk subspace script,True,0.00045,0.0005,1.0,,,,stable,3
ellipse split,generic subspace,train_pinn_ellipse_2d_splitting.py,15,True,0,366.3341681957245,data/ablation_native_logs/ellipse_split__generic_subspace__seed15.log,native generic ellipse script,False,1114.3294763346735,3912.4234005472417,,0.0,,,branch drift/generic subspace instability,5
ellipse split,symmetry sectors,train_pinn_ellipse_2d_symmetry_v2.py,15,True,0,781.386045217514,data/ablation_native_logs/ellipse_split__symmetry_sectors__seed15.log,native symmetry-sector ellipse script,True,1.599666771918414,1.7756023945373762,,1.0,,,stable branch tracking,5
1D n=5,baseline state-by-state,train_pinn_1d.py,16,True,0,5.091383218765259,data/ablation_native_logs/1D_n5__baseline_state-by-state__seed16.log,native baseline 1D script,False,23.5356,115.1466,,,,,energy error,5
1D n=5,projected Rayleigh,train_pinn_1d_projected_v2.py,16,True,0,62.49492883682251,data/ablation_native_logs/1D_n5__projected_Rayleigh__seed16.log,native projected 1D script,True,0.0351,0.0351,,,4.0,4.0,stable,5
square doublet,subspace Ritz,train_pinn_square_2d_subspace.py,16,True,0,39.36929202079773,data/ablation_native_logs/square_doublet__subspace_Ritz__seed16.log,native square subspace script,True,0.0643,0.0869,0.99995,,,,stable,4
disk m=1,subspace Ritz,train_pinn_disk_2d_subspace.py,16,True,0,142.54859614372253,data/ablation_native_logs/disk_m1__subspace_Ritz__seed16.log,native disk subspace script,True,0.00045,0.0005,1.0,,,,stable,3
ellipse split,generic subspace,train_pinn_ellipse_2d_splitting.py,16,True,0,351.75480341911316,data/ablation_native_logs/ellipse_split__generic_subspace__seed16.log,native generic ellipse script,False,779.8389990690953,2263.399803760474,,0.0,,,branch drift/generic subspace instability,5
ellipse split,symmetry sectors,train_pinn_ellipse_2d_symmetry_v2.py,16,True,0,657.6504538059235,data/ablation_native_logs/ellipse_split__symmetry_sectors__seed16.log,native symmetry-sector ellipse script,True,1.5729787281596213,1.7265723953200642,,1.0,,,stable branch tracking,5
1D n=5,baseline state-by-state,train_pinn_1d.py,17,True,0,4.949926853179932,data/ablation_native_logs/1D_n5__baseline_state-by-state__seed17.log,native baseline 1D script,False,25.2828,117.309,,,,,energy error,5
1D n=5,projected Rayleigh,train_pinn_1d_projected_v2.py,17,True,0,45.969451665878296,data/ablation_native_logs/1D_n5__projected_Rayleigh__seed17.log,native projected 1D script,True,0.0273,0.0273,,,4.0,4.0,stable,5
square doublet,subspace Ritz,train_pinn_square_2d_subspace.py,17,True,0,39.665364027023315,data/ablation_native_logs/square_doublet__subspace_Ritz__seed17.log,native square subspace script,True,0.0643,0.0869,0.99995,,,,stable,4
disk m=1,subspace Ritz,train_pinn_disk_2d_subspace.py,17,True,0,995.9730110168457,data/ablation_native_logs/disk_m1__subspace_Ritz__seed17.log,native disk subspace script,True,0.0004,0.0004,1.0,,,,stable,3
ellipse split,generic subspace,train_pinn_ellipse_2d_splitting.py,17,True,0,1947.0682489871979,data/ablation_native_logs/ellipse_split__generic_subspace__seed17.log,native generic ellipse script,False,780.1630188742052,3676.688594954332,,0.0,,,branch drift/generic subspace instability,5
ellipse split,symmetry sectors,train_pinn_ellipse_2d_symmetry_v2.py,17,True,0,7000.102735042572,data/ablation_native_logs/ellipse_split__symmetry_sectors__seed17.log,native symmetry-sector ellipse script,True,1.5800217222165363,1.7062836767498333,,1.0,,,stable branch tracking,5
1D n=5,baseline state-by-state,train_pinn_1d.py,18,True,0,4.976770877838135,data/ablation_native_logs/1D_n5__baseline_state-by-state__seed18.log,native baseline 1D script,False,59.9752,132.8608,,,,,energy error,5
1D n=5,projected Rayleigh,train_pinn_1d_projected_v2.py,18,True,0,35.61465501785278,data/ablation_native_logs/1D_n5__projected_Rayleigh__seed18.log,native projected 1D script,True,0.0237,0.0253,,,4.0,4.0,stable,5
square doublet,subspace Ritz,train_pinn_square_2d_subspace.py,18,True,0,934.4479978084564,data/ablation_native_logs/square_doublet__subspace_Ritz__seed18.log,native square subspace script,True,0.0643,0.0869,0.99995,,,,stable,4
disk m=1,subspace Ritz,train_pinn_disk_2d_subspace.py,18,True,0,1740.4015820026398,data/ablation_native_logs/disk_m1__subspace_Ritz__seed18.log,native disk subspace script,True,0.0005,0.0005,1.0,,,,stable,3
ellipse split,generic subspace,train_pinn_ellipse_2d_splitting.py,18,True,0,3645.7294976711273,data/ablation_native_logs/ellipse_split__generic_subspace__seed18.log,native generic ellipse script,False,1185.8716948946894,5251.90956185198,,0.0,,,branch drift/generic subspace instability,5
ellipse split,symmetry sectors,train_pinn_ellipse_2d_symmetry_v2.py,18,True,0,7329.3272268772125,data/ablation_native_logs/ellipse_split__symmetry_sectors__seed18.log,native symmetry-sector ellipse script,True,1.656166531777312,2.0345131443458033,,1.0,,,stable branch tracking,5
1D n=5,baseline state-by-state,train_pinn_1d.py,19,True,0,5.116312026977539,data/ablation_native_logs/1D_n5__baseline_state-by-state__seed19.log,native baseline 1D script,False,27.7486,115.8598,,,,,energy error,5
1D n=5,projected Rayleigh,train_pinn_1d_projected_v2.py,19,True,0,936.4276180267334,data/ablation_native_logs/1D_n5__projected_Rayleigh__seed19.log,native projected 1D script,True,0.0266,0.0266,,,4.0,4.0,stable,5
square doublet,subspace Ritz,train_pinn_square_2d_subspace.py,19,True,0,39.94187307357788,data/ablation_native_logs/square_doublet__subspace_Ritz__seed19.log,native square subspace script,True,0.028200000000000003,0.0303,1.0,,,,stable,4
disk m=1,subspace Ritz,train_pinn_disk_2d_subspace.py,19,True,0,79.42331981658936,data/ablation_native_logs/disk_m1__subspace_Ritz__seed19.log,native disk subspace script,True,0.0004,0.0004,1.0,,,,stable,3
ellipse split,generic subspace,train_pinn_ellipse_2d_splitting.py,19,True,0,959.4469039440155,data/ablation_native_logs/ellipse_split__generic_subspace__seed19.log,native generic ellipse script,False,754.1307535963695,2100.194107094974,,0.0,,,branch drift/generic subspace instability,5
ellipse split,symmetry sectors,train_pinn_ellipse_2d_symmetry_v2.py,19,True,0,461.2186481952667,data/ablation_native_logs/ellipse_split__symmetry_sectors__seed19.log,native symmetry-sector ellipse script,True,1.6394631166412856,1.7773577286538302,,1.0,,,stable branch tracking,5
