eta,pinn_rank,exact_label,nx,ny,overlap,overlap_weight
0.8,1,psi_11,1,1,0.999977707862854,0.9999554162226474
0.8,1,psi_21,2,1,-4.142617035540752e-05,1.716127590315245e-09
0.8,1,psi_12,1,2,-2.420041710138321e-06,5.856601878809209e-12
0.8,1,psi_22,2,2,-0.001994570717215538,3.978312345973706e-06
0.8,1,psi_31,3,1,8.37619008962065e-05,7.016056041745919e-09
0.8,1,psi_13,1,3,-0.00144245196133852,2.0806676607693433e-06
0.8,1,psi_32,3,2,-0.00015826302114874125,2.504718386312692e-08
0.8,1,psi_41,4,1,-0.003699202323332429,1.368409782894804e-05
0.8,1,psi_23,2,3,-0.00019823526963591576,3.9297222127624223e-08
0.8,1,psi_42,4,2,-0.0004634212236851454,2.1475923056183755e-07
0.8,1,psi_33,3,3,-0.0006274463376030326,3.9368890657145875e-07
0.8,1,psi_14,1,4,-0.00038202013820409775,1.4593938599347794e-07
0.8,2,psi_11,1,1,-5.247446824796498e-05,2.7535698179066847e-09
0.8,2,psi_21,2,1,-0.9999607801437378,0.9999215618256727
0.8,2,psi_12,1,2,0.0005059183458797634,2.559533726977159e-07
0.8,2,psi_22,2,2,-0.004826009273529053,2.3290365508188415e-05
0.8,2,psi_31,3,1,0.00023735492140986025,5.633735871748094e-08
0.8,2,psi_13,1,3,-0.0014128872426226735,1.9962503603659015e-06
0.8,2,psi_32,3,2,-0.00039409910095855594,1.5531410137634206e-07
0.8,2,psi_41,4,1,-0.0003185173263773322,1.0145328720256397e-07
0.8,2,psi_23,2,3,-0.0001407163217663765,1.9801083211458403e-08
0.8,2,psi_42,4,2,-0.0006565082585439086,4.3100309353635553e-07
0.8,2,psi_33,3,3,0.0024732211604714394,6.116822908603693e-06
0.8,2,psi_14,1,4,0.00031717674573883414,1.0060108803747704e-07
0.8,3,psi_11,1,1,1.4159362763166428e-05,2.00487553858944e-10
0.8,3,psi_21,2,1,0.0004747094353660941,2.2534904802559588e-07
0.8,3,psi_12,1,2,0.9999579787254333,0.9999159592166542
0.8,3,psi_22,2,2,0.005482642445713282,3.0059368187536914e-05
0.8,3,psi_31,3,1,-6.642566586378962e-05,4.412369085447825e-09
0.8,3,psi_13,1,3,0.00046790018677711487,2.1893058478605898e-07
0.8,3,psi_32,3,2,-0.0019747205078601837,3.899521084163582e-06
0.8,3,psi_41,4,1,-0.0004027647664770484,1.6221945711531133e-07
0.8,3,psi_23,2,3,0.0010882298229262233,1.1842441475060393e-06
0.8,3,psi_42,4,2,0.000882667547557503,7.791019995111768e-07
0.8,3,psi_33,3,3,0.0002137529809260741,4.569033685478259e-08
0.8,3,psi_14,1,4,-0.0011330547276884317,1.2838130159371062e-06
0.8,4,psi_11,1,1,1.1589938367251307e-05,1.3432667135668389e-10
0.8,4,psi_21,2,1,-5.5573778809048235e-05,3.0884448911170187e-09
0.8,4,psi_12,1,2,0.00011656824790406972,1.3588156419424655e-08
0.8,4,psi_22,2,2,-0.032950352877378464,0.0010857257547437632
0.8,4,psi_31,3,1,-0.9994218349456787,0.9988440041661875
0.8,4,psi_13,1,3,-0.0012959251180291176,1.6794219115387823e-06
0.8,4,psi_32,3,2,0.001883679535239935,3.5482485914817372e-06
0.8,4,psi_41,4,1,-0.0015074608381837606,2.272438178657686e-06
0.8,4,psi_23,2,3,-0.0019254335202276707,3.70729424081632e-06
0.8,4,psi_42,4,2,-0.0012039798311889172,1.4495674339096935e-06
0.8,4,psi_33,3,3,0.004954098723828793,2.454309416544207e-05
0.8,4,psi_14,1,4,0.0010616095969453454,1.1270149363264587e-06
0.9,1,psi_11,1,1,-0.9991990327835083,0.9983987071154985
0.9,1,psi_21,2,1,0.004220994189381599,1.7816791946793226e-05
0.9,1,psi_12,1,2,0.0008397279307246208,7.051429976390536e-07
0.9,1,psi_22,2,2,0.0007902774959802628,6.245385206528342e-07
0.9,1,psi_31,3,1,0.033348165452480316,0.0011121001390460017
0.9,1,psi_13,1,3,0.007042386569082737,4.959520858839692e-05
0.9,1,psi_32,3,2,0.013549788855016232,0.00018359677801552208
0.9,1,psi_23,2,3,0.0054578622803092,2.9788260670821944e-05
0.9,1,psi_41,4,1,0.009931161068379879,9.862796016610418e-05
0.9,1,psi_33,3,3,0.0016861180774867535,2.8429941712276256e-06
0.9,1,psi_14,1,4,-0.000910724513232708,8.294191390029529e-07
0.9,1,psi_42,4,2,0.0036954758688807487,1.3656541897479925e-05
0.9,2,psi_11,1,1,0.003029809333384037,9.179744596661023e-06
0.9,2,psi_21,2,1,0.9991825819015503,0.9983658319754483
0.9,2,psi_12,1,2,-0.0019136312184855342,3.6619844403624303e-06
0.9,2,psi_22,2,2,-0.0014729718677699566,2.1696461232417145e-06
0.9,2,psi_31,3,1,-0.02775484509766102,0.0007703314263951579
0.9,2,psi_13,1,3,-0.0025246147997677326,6.373679887206269e-06
0.9,2,psi_32,3,2,-0.00020929492893628776,4.3804367278445744e-08
0.9,2,psi_23,2,3,0.002242942340672016,5.0307903435792625e-06
0.9,2,psi_41,4,1,-0.011663143523037434,0.00013602891683897004
0.9,2,psi_33,3,3,-0.004868713207542896,2.3704368297302637e-05
0.9,2,psi_14,1,4,-0.00035508518340066075,1.2608548747068088e-07
0.9,2,psi_42,4,2,-0.00902795884758234,8.150404095364026e-05
0.9,3,psi_11,1,1,0.0007448182441294193,5.547542167880313e-07
0.9,3,psi_21,2,1,0.0018808251479640603,3.5375032372140293e-06
0.9,3,psi_12,1,2,0.9997626543045044,0.999525364941988
0.9,3,psi_22,2,2,0.0004913392476737499,2.4141425630460657e-07
0.9,3,psi_31,3,1,-0.0013130411971360445,1.7240771853764569e-06
0.9,3,psi_13,1,3,-0.003396524116396904,1.153637607326577e-05
0.9,3,psi_32,3,2,-0.0006639768253080547,4.4086522454616297e-07
0.9,3,psi_23,2,3,-0.0012348485179245472,1.5248508622204508e-06
0.9,3,psi_41,4,1,-2.5786139303818345e-05,6.649249801959252e-10
0.9,3,psi_33,3,3,-0.0008694816497154534,7.559983391919064e-07
0.9,3,psi_14,1,4,-0.011049283668398857,0.0001220866695847457
0.9,3,psi_42,4,2,0.004408728331327438,1.943688549944922e-05
0.9,4,psi_11,1,1,0.00015305966371670365,2.342726065707041e-08
0.9,4,psi_21,2,1,0.0005459524691104889,2.9806409852783933e-07
0.9,4,psi_12,1,2,-0.00045593397226184607,2.0787578706246582e-07
0.9,4,psi_22,2,2,0.9994014501571655,0.9988032585762454
0.9,4,psi_31,3,1,-0.023378562182188034,0.0005465571697064325
0.9,4,psi_13,1,3,0.0012184224324300885,1.4845532238488536e-06
0.9,4,psi_32,3,2,0.006306124851107597,3.976721063775682e-05
0.9,4,psi_23,2,3,0.014280888251960278,0.00020394376926497707
0.9,4,psi_41,4,1,0.0033868998289108276,1.1471090451076194e-05
0.9,4,psi_33,3,3,-0.0050597041845321655,2.5600606434972306e-05
0.9,4,psi_14,1,4,-2.6980764232575893e-05,7.279616385738466e-10
0.9,4,psi_42,4,2,-0.009239129722118378,8.536151802213121e-05
1.0,1,psi_11,1,1,-0.9999327063560486,0.9998654172405317
1.0,1,psi_12,1,2,0.0005447277799248695,2.967283542218771e-07
1.0,1,psi_21,2,1,1.1381365766283125e-05,1.2953548670592146e-10
1.0,1,psi_22,2,2,4.426184750627726e-05,1.9591111446689428e-09
1.0,1,psi_13,1,3,0.006338170729577541,4.01724081972735e-05
1.0,1,psi_31,3,1,0.003980835899710655,1.5847054460425142e-05
1.0,1,psi_23,2,3,0.002674463205039501,7.152753435110161e-06
1.0,1,psi_32,3,2,0.0015681128716096282,2.4589779781077943e-06
1.0,1,psi_14,1,4,0.0034051788970828056,1.1595243321138073e-05
1.0,1,psi_41,4,1,0.0015737410867586732,2.4766610081523697e-06
1.0,1,psi_33,3,3,-0.0006611665012314916,4.3714114235069194e-07
1.0,1,psi_24,2,4,0.00026798268663696945,7.181472033716816e-08
1.0,2,psi_11,1,1,0.0001721389126032591,2.963180523223247e-08
1.0,2,psi_12,1,2,0.39738011360168457,0.15791095468608773
1.0,2,psi_21,2,1,-0.9175699949264526,0.8419346955893303
1.0,2,psi_22,2,2,-0.00028574420139193535,8.164974862911491e-08
1.0,2,psi_13,1,3,-0.004817593842744827,2.320921043365287e-05
1.0,2,psi_31,3,1,0.00222092610783875,4.9325127764797785e-06
1.0,2,psi_23,2,3,0.00445336289703846,1.9832441092718783e-05
1.0,2,psi_32,3,2,-0.0016431878320872784,2.7000662515196897e-06
1.0,2,psi_14,1,4,-0.002203008159995079,4.853244953004904e-06
1.0,2,psi_41,4,1,0.002463804092258215,6.0703306050283266e-06
1.0,2,psi_33,3,3,0.0013613596092909575,1.8532999858088283e-06
1.0,2,psi_24,2,4,0.0021069012582302094,4.439032911932039e-06
1.0,3,psi_11,1,1,0.0004476727917790413,2.0041092849924086e-07
1.0,3,psi_12,1,2,0.9175038933753967,0.8418133943590114
1.0,3,psi_21,2,1,0.39741742610931396,0.15794061057535203
1.0,3,psi_22,2,2,0.00017784815281629562,3.162996546016844e-08
1.0,3,psi_13,1,3,-0.0031474530696868896,9.906460825881425e-06
1.0,3,psi_31,3,1,0.0003264984698034823,1.0660125078401544e-07
1.0,3,psi_23,2,3,0.0020720683969557285,4.293467441662683e-06
1.0,3,psi_32,3,2,0.000405549188144505,1.6447014400466713e-07
1.0,3,psi_14,1,4,-0.007521657273173332,5.657532813508129e-05
1.0,3,psi_41,4,1,0.000883336877450347,7.802840390637293e-07
1.0,3,psi_33,3,3,5.7150464272126555e-05,3.266175566519614e-09
1.0,3,psi_24,2,4,0.0028567793779075146,8.161188414037646e-06
1.0,4,psi_11,1,1,-6.264046533033252e-06,3.92382789680059e-11
1.0,4,psi_12,1,2,6.159873737487942e-05,3.794404446179367e-09
1.0,4,psi_21,2,1,0.0003078402951359749,9.476564730940412e-08
1.0,4,psi_22,2,2,-0.9999962449073792,0.999992489828859
1.0,4,psi_13,1,3,0.004390374757349491,1.9275390509971603e-05
1.0,4,psi_31,3,1,0.003212808398529887,1.0322137805664178e-05
1.0,4,psi_23,2,3,-0.00187708530575037,3.52344924506396e-06
1.0,4,psi_32,3,2,-0.002562567126005888,6.566750275286077e-06
1.0,4,psi_14,1,4,-0.0013367881765589118,1.7870026289877003e-06
1.0,4,psi_41,4,1,0.000472618528874591,2.233682738355826e-07
1.0,4,psi_33,3,3,0.0005531827337108552,3.06011136875815e-07
1.0,4,psi_24,2,4,0.0003228597342967987,1.0423840803019946e-07
1.1,1,psi_11,1,1,0.9998722076416016,0.99974443161409
1.1,1,psi_12,1,2,-0.0005532214418053627,3.060539636732043e-07
1.1,1,psi_21,2,1,0.00011034391354769468,1.2175779257021118e-08
1.1,1,psi_22,2,2,0.0018896833062171936,3.570902997795944e-06
1.1,1,psi_13,1,3,-3.867223858833313e-05,1.495542037432962e-09
1.1,1,psi_31,3,1,-0.012124723754823208,0.0001470089261307742
1.1,1,psi_23,2,3,-0.0009359948453493416,8.76086350520538e-07
1.1,1,psi_32,3,2,-0.0027690506540238857,7.66764152455011e-06
1.1,1,psi_14,1,4,-0.0008480632677674294,7.192113061363706e-07
1.1,1,psi_33,3,3,-0.0005055845831520855,2.556157707210681e-07
1.1,1,psi_41,4,1,0.0028751613572239876,8.266552830074082e-06
1.1,1,psi_24,2,4,0.0005425908602774143,2.9440484165658455e-07
1.1,2,psi_11,1,1,0.0005040927790105343,2.5410952985056336e-07
1.1,2,psi_12,1,2,0.9998495578765869,0.9996991383860063
1.1,2,psi_21,2,1,0.0007914738962426782,6.264309284335657e-07
1.1,2,psi_22,2,2,0.007235815282911062,5.2357022808409296e-05
1.1,2,psi_13,1,3,-0.000443493016064167,1.966860552976915e-07
1.1,2,psi_31,3,1,-0.002045269589871168,4.183127695251776e-06
1.1,2,psi_23,2,3,0.003851123619824648,1.48311531351713e-05
1.1,2,psi_32,3,2,0.005912664346396923,3.4959599673153353e-05
1.1,2,psi_14,1,4,-0.005376629531383514,2.890814511774531e-05
1.1,2,psi_33,3,3,0.0009381338022649288,8.800950309520526e-07
1.1,2,psi_41,4,1,0.0011728350073099136,1.3755419543716452e-06
1.1,2,psi_24,2,4,-0.0007060904754325747,4.985637594965994e-07
1.1,3,psi_11,1,1,-7.45101278880611e-05,5.551759157895221e-09
1.1,3,psi_12,1,2,-0.0008048416348174214,6.477700571355796e-07
1.1,3,psi_21,2,1,0.999971330165863,0.9999426611536855
1.1,3,psi_22,2,2,0.002510219346731901,6.301201168707133e-06
1.1,3,psi_13,1,3,5.81055210204795e-05,3.376251573061385e-09
1.1,3,psi_31,3,1,0.002582894405350089,6.67134350918879e-06
1.1,3,psi_23,2,3,-0.000789811834692955,6.238027342210517e-07
1.1,3,psi_32,3,2,-0.0003076053108088672,9.46210272378198e-08
1.1,3,psi_14,1,4,-0.00031060451874509454,9.647516706487178e-08
1.1,3,psi_33,3,3,0.0020730814430862665,4.297666669668637e-06
1.1,3,psi_41,4,1,-0.0020767052192240953,4.312704567552598e-06
1.1,3,psi_24,2,4,0.0011650575324892998,1.3573590540100558e-06
1.1,4,psi_11,1,1,-2.0519830286502838e-05,4.2106343498687915e-10
1.1,4,psi_12,1,2,-0.00028989091515541077,8.403674268964156e-08
1.1,4,psi_21,2,1,7.199804531410336e-05,5.1837185290516815e-09
1.1,4,psi_22,2,2,-0.013991680927574635,0.00019576713517905579
1.1,4,psi_13,1,3,-0.9998527765274048,0.9997055747295605
1.1,4,psi_31,3,1,-0.0005718172760680318,3.269749972098637e-07
1.1,4,psi_23,2,3,-0.003967961762100458,1.5744720545491373e-05
1.1,4,psi_32,3,2,-0.0012087589129805565,1.4610981097099365e-06
1.1,4,psi_14,1,4,0.0010757781565189362,1.1572986420432807e-06
1.1,4,psi_33,3,3,0.0040487078949809074,1.639203561888073e-05
1.1,4,psi_41,4,1,-0.0009669911814853549,9.350719450704426e-07
1.1,4,psi_24,2,4,-3.90280329156667e-05,1.5231873532663633e-09
1.2,1,psi_11,1,1,0.9998498558998108,0.9996997343428724
1.2,1,psi_12,1,2,-0.0002723848447203636,7.41935036333366e-08
1.2,1,psi_21,2,1,-0.00011788978008553386,1.3898000248615535e-08
1.2,1,psi_22,2,2,0.014843535609543324,0.00022033054939178068
1.2,1,psi_13,1,3,-0.00014378409832715988,2.067386693175438e-08
1.2,1,psi_31,3,1,-0.0014517302624881268,2.1075207550238454e-06
1.2,1,psi_23,2,3,-0.0006688822759315372,4.47403499055353e-07
1.2,1,psi_32,3,2,0.0009743472328409553,9.493525301448267e-07
1.2,1,psi_14,1,4,-0.00345782283693552,1.1956538771632809e-05
1.2,1,psi_24,2,4,-0.0002628339861985296,6.908170430100885e-08
1.2,1,psi_33,3,3,5.939167022006586e-05,3.527370491529058e-09
1.2,1,psi_41,4,1,0.002125062979757786,4.5158926679370395e-06
1.2,2,psi_11,1,1,-0.00025106407701969147,6.303317076974957e-08
1.2,2,psi_12,1,2,-0.9999587535858154,0.9999175088728975
1.2,2,psi_21,2,1,-0.0007901321514509618,6.243088167565257e-07
1.2,2,psi_22,2,2,-0.0021470908541232347,4.609999135859642e-06
1.2,2,psi_13,1,3,-0.00022135768085718155,4.899922287446984e-08
1.2,2,psi_31,3,1,0.00038346712244674563,1.470470339975874e-07
1.2,2,psi_23,2,3,-0.0001955780026037246,3.8250755102462506e-08
1.2,2,psi_32,3,2,0.001505936961621046,2.267846132376428e-06
1.2,2,psi_14,1,4,0.0004316801205277443,1.8634772645884784e-07
1.2,2,psi_24,2,4,0.0013068235712125897,1.7077878462768266e-06
1.2,2,psi_33,3,3,0.0001814989373087883,3.2941864244219465e-08
1.2,2,psi_41,4,1,0.0009177655447274446,8.422935950888632e-07
1.2,3,psi_11,1,1,9.536149445921183e-05,9.093814625494288e-09
1.2,3,psi_12,1,2,-0.0007905429811216891,6.249582050007673e-07
1.2,3,psi_21,2,1,0.9999624490737915,0.9999248995576551
1.2,3,psi_22,2,2,0.0012860288843512535,1.6538702913857298e-06
1.2,3,psi_13,1,3,0.00016494124429300427,2.7205614068924515e-08
1.2,3,psi_31,3,1,-5.133463128004223e-05,2.6352443686578903e-09
1.2,3,psi_23,2,3,-0.00084711704403162,7.176072862888697e-07
1.2,3,psi_32,3,2,0.0009709011064842343,9.426489585723105e-07
1.2,3,psi_14,1,4,-0.0014617035631090403,2.136577306405664e-06
1.2,3,psi_24,2,4,-0.001529620960354805,2.339740282356756e-06
1.2,3,psi_33,3,3,-1.735680052661337e-05,3.0125852452064614e-10
1.2,3,psi_41,4,1,-0.0009884728351607919,9.77078545850814e-07
1.2,4,psi_11,1,1,0.00010712537914514542,1.1475846856991156e-08
1.2,4,psi_12,1,2,0.0002530692145228386,6.40440273392065e-08
1.2,4,psi_21,2,1,0.00018523230392020196,3.4311006415586065e-08
1.2,4,psi_22,2,2,-0.017997777089476585,0.00032391998016248827
1.2,4,psi_13,1,3,-0.9997914433479309,0.9995829301917389
1.2,4,psi_31,3,1,0.0016121033113449812,2.5988770864494534e-06
1.2,4,psi_23,2,3,0.0009355065412819386,8.751724887812954e-07
1.2,4,psi_32,3,2,0.005443330388516188,2.962984571854379e-05
1.2,4,psi_14,1,4,-0.0012362534180283546,1.5283225135867898e-06
1.2,4,psi_24,2,4,0.001025710953399539,1.0520829599237913e-06
1.2,4,psi_33,3,3,-0.0009434659732505679,8.901280426816413e-07
1.2,4,psi_41,4,1,0.0009234398021362722,8.527410681694775e-07
