mode_index,epsilon,c12,c21,w12,w21,w_subspace,seed_id,seed,selected_doublet_rank
1,19.744488,0.00012243760284036398,0.00015197964967228472,1.4990966589294706e-08,2.3097813914510394e-08,3.80887805038051e-08,0,1000,0
2,49.398342,0.8595043420791626,-0.5110742449760437,0.7387477140529342,0.26119688387783313,0.9999445979307673,0,1000,1
3,49.414215,-0.5110874772071838,-0.8594864010810852,0.26121040935800366,0.7387168736433161,0.9999272830013197,0,1000,2
1,19.749899,-0.00021584774367511272,3.6088473279960454e-05,4.6590248449637165e-08,1.3023779036784196e-09,4.7892626353315585e-08,1,1001,0
2,49.372993,-0.11763633787631989,0.9930487871170044,0.013838307988951692,0.9861458935945535,0.9999842015835052,1,1001,1
3,49.42394,0.9930106401443481,0.1176360473036766,0.9860701314398881,0.01383823962523284,0.9999083710651209,1,1001,2
1,19.749899,-0.00021584774367511272,3.6088473279960454e-05,4.6590248449637165e-08,1.3023779036784196e-09,4.7892626353315585e-08,2,1002,0
2,49.372993,-0.11763633787631989,0.9930487871170044,0.013838307988951692,0.9861458935945535,0.9999842015835052,2,1002,1
3,49.42394,0.9930106401443481,0.1176360473036766,0.9860701314398881,0.01383823962523284,0.9999083710651209,2,1002,2
1,19.749899,-0.00021584774367511272,3.6088473279960454e-05,4.6590248449637165e-08,1.3023779036784196e-09,4.7892626353315585e-08,3,1003,0
2,49.372993,-0.11763633787631989,0.9930487871170044,0.013838307988951692,0.9861458935945535,0.9999842015835052,3,1003,1
3,49.42394,0.9930106401443481,0.1176360473036766,0.9860701314398881,0.01383823962523284,0.9999083710651209,3,1003,2
1,19.746618,7.68467434681952e-05,1.1372023436706513e-05,5.905421981666602e-09,1.2932291704500221e-10,6.034744898711604e-09,4,1004,0
2,49.379547,-0.47721096873283386,0.8787736892700195,0.22773030867892974,0.7722431969532408,0.9999735056321706,4,1004,1
3,49.422585,0.878770649433136,0.47720804810523987,0.7722378543051356,0.22772752117641293,0.9999653754815485,4,1004,2
1,19.746618,7.68467434681952e-05,1.1372023436706513e-05,5.905421981666602e-09,1.2932291704500221e-10,6.034744898711604e-09,5,1005,0
2,49.379547,-0.47721096873283386,0.8787736892700195,0.22773030867892974,0.7722431969532408,0.9999735056321706,5,1005,1
3,49.422585,0.878770649433136,0.47720804810523987,0.7722378543051356,0.22772752117641293,0.9999653754815485,5,1005,2
1,19.746635,0.00013114389730617404,5.054150824435055e-05,1.7198721800652323e-08,2.554444055613755e-09,1.9753165856266077e-08,6,1006,0
2,49.374897,0.16998368501663208,-0.9854363203048706,0.02889445317183359,0.9710847413760035,0.9999791945478371,6,1006,1
3,49.38962,0.9854203462600708,0.16998688876628876,0.9710532588233178,0.028895542352442627,0.9999488011757605,6,1006,2
1,19.746635,0.00013114389730617404,5.054150824435055e-05,1.7198721800652323e-08,2.554444055613755e-09,1.9753165856266077e-08,7,1007,0
2,49.374897,0.16998368501663208,-0.9854363203048706,0.02889445317183359,0.9710847413760035,0.9999791945478371,7,1007,1
3,49.38962,0.9854203462600708,0.16998688876628876,0.9710532588233178,0.028895542352442627,0.9999488011757605,7,1007,2
1,19.746635,0.00013114389730617404,5.054150824435055e-05,1.7198721800652323e-08,2.554444055613755e-09,1.9753165856266077e-08,8,1008,0
2,49.374897,0.16998368501663208,-0.9854363203048706,0.02889445317183359,0.9710847413760035,0.9999791945478371,8,1008,1
3,49.38962,0.9854203462600708,0.16998688876628876,0.9710532588233178,0.028895542352442627,0.9999488011757605,8,1008,2
1,19.744001,-5.848420551046729e-05,-4.5349341235123575e-05,3.4204022941905726e-09,2.0565627504596794e-09,5.476965044650252e-09,9,1009,0
2,49.380363,-0.9855151772499084,-0.16950435936450958,0.9712401645899185,0.028731727843572807,0.9999718924334913,9,1009,1
3,49.38583,-0.169501394033432,0.9855119585990906,0.02873072257927678,0.9712338205418156,0.9999645431210924,9,1009,2
1,19.744001,-5.848420551046729e-05,-4.5349341235123575e-05,3.4204022941905726e-09,2.0565627504596794e-09,5.476965044650252e-09,10,1010,0
2,49.380363,-0.9855151772499084,-0.16950435936450958,0.9712401645899185,0.028731727843572807,0.9999718924334913,10,1010,1
3,49.38583,-0.169501394033432,0.9855119585990906,0.02873072257927678,0.9712338205418156,0.9999645431210924,10,1010,2
1,19.744001,-5.848420551046729e-05,-4.5349341235123575e-05,3.4204022941905726e-09,2.0565627504596794e-09,5.476965044650252e-09,11,1011,0
2,49.380363,-0.9855151772499084,-0.16950435936450958,0.9712401645899185,0.028731727843572807,0.9999718924334913,11,1011,1
3,49.38583,-0.169501394033432,0.9855119585990906,0.02873072257927678,0.9712338205418156,0.9999645431210924,11,1011,2
1,19.743063,0.0002088700421154499,3.452452801866457e-05,4.362669449330982e-08,1.1919430349115548e-09,4.481863752822137e-08,12,1012,0
2,49.394386,0.04555078595876694,-0.9989372491836548,0.002074874101461399,0.9978756278066072,0.9999505019080686,12,1012,1
3,49.413975,-0.99892657995224,-0.045549191534519196,0.9978543121350789,0.002074728849448315,0.9999290409845272,12,1012,2
1,19.745804,3.5001838114112616e-05,0.00016801452147774398,1.2251286713665466e-09,2.8228879427395294e-08,2.945400809876184e-08,13,1013,0
2,49.370365,0.9957348704338074,-0.09222497045993805,0.9914879321978312,0.008505445176336446,0.9999933773741676,13,1013,1
3,49.42283,0.09222215414047241,0.9956883788108826,0.008504925714309053,0.9913953476990436,0.9999002734133526,13,1013,2
1,19.745804,3.5001838114112616e-05,0.00016801452147774398,1.2251286713665466e-09,2.8228879427395294e-08,2.945400809876184e-08,14,1014,0
2,49.370365,0.9957348704338074,-0.09222497045993805,0.9914879321978312,0.008505445176336446,0.9999933773741676,14,1014,1
3,49.42283,0.09222215414047241,0.9956883788108826,0.008504925714309053,0.9913953476990436,0.9999002734133526,14,1014,2
1,19.745804,3.5001838114112616e-05,0.00016801452147774398,1.2251286713665466e-09,2.8228879427395294e-08,2.945400809876184e-08,15,1015,0
2,49.370365,0.9957348704338074,-0.09222497045993805,0.9914879321978312,0.008505445176336446,0.9999933773741676,15,1015,1
3,49.42283,0.09222215414047241,0.9956883788108826,0.008504925714309053,0.9913953476990436,0.9999002734133526,15,1015,2
1,19.744171,0.00010915473103523254,0.00017011348973028362,1.1914755307373959e-08,2.893859938821531e-08,4.085335469558927e-08,16,1016,0
2,49.39666,0.5639811754226685,-0.8257591724395752,0.31807476623113473,0.6818782108680921,0.9999529770992268,16,1016,1
3,49.404125,-0.8257569074630737,-0.5639679431915283,0.6818744702229793,0.3180598409476829,0.9999343111706622,16,1016,2
1,19.74441,0.00020422082161530852,0.00017427871352992952,4.1706143981231665e-08,3.037306998964724e-08,7.20792139708789e-08,17,1017,0
2,49.40096,0.027716584503650665,-0.9995933771133423,0.0007682090565480082,0.9991869195688565,0.9999551286254045,17,1017,1
3,49.43331,-0.9995641112327576,-0.027721144258975983,0.9991284124645325,0.0007684618390269571,0.9998968743035594,17,1017,2
1,19.743425,-9.677762864157557e-05,-0.00019745659665204585,9.365909405486709e-09,3.898910756140872e-08,4.835501696689543e-08,18,1018,0
2,49.387367,0.9878575801849365,-0.15520510077476501,0.9758625987288383,0.024088623306504964,0.9999512220353433,18,1018,1
3,49.418896,-0.15517817437648773,-0.9878274202346802,0.024080265802819634,0.9758030121675034,0.9998832779703231,18,1018,2
1,19.74463,0.00011086120503023267,0.0001510416914243251,1.2290206780755285e-08,2.2813592548321045e-08,3.510379932907633e-08,19,1019,0
2,49.389877,-0.9957867860794067,-0.09149329364299774,0.9915913233303542,0.008371022781643811,0.999962346111998,19,1019,1
3,49.407124,0.09149584174156189,-0.9957781434059143,0.008371489055996939,0.9915741108849296,0.9999455999409266,19,1019,2
1,19.751028,-4.231405910104513e-06,4.658276884583756e-05,1.7904795976067403e-11,2.1699543533447347e-09,2.187859149320802e-09,20,1020,0
2,49.35356,0.9994759559631348,0.026806632056832314,0.9989521865484221,0.0007185955222303898,0.9996707820706525,20,1020,2
3,49.41754,-0.026813173666596413,0.9995999336242676,0.0007189462820750593,0.9992000273016401,0.9999189735837152,20,1020,1
1,19.751028,-4.231405910104513e-06,4.658276884583756e-05,1.7904795976067403e-11,2.1699543533447347e-09,2.187859149320802e-09,21,1021,0
2,49.35356,0.9994759559631348,0.026806632056832314,0.9989521865484221,0.0007185955222303898,0.9996707820706525,21,1021,2
3,49.41754,-0.026813173666596413,0.9995999336242676,0.0007189462820750593,0.9992000273016401,0.9999189735837152,21,1021,1
1,19.751028,-4.231405910104513e-06,4.658276884583756e-05,1.7904795976067403e-11,2.1699543533447347e-09,2.187859149320802e-09,22,1022,0
2,49.35356,0.9994759559631348,0.026806632056832314,0.9989521865484221,0.0007185955222303898,0.9996707820706525,22,1022,2
3,49.41754,-0.026813173666596413,0.9995999336242676,0.0007189462820750593,0.9992000273016401,0.9999189735837152,22,1022,1
1,19.743177,0.00014957389794290066,0.00012779055396094918,2.237235094583326e-08,1.6330425681646265e-08,3.8702776627479526e-08,23,1023,0
2,49.412815,0.577223002910614,-0.816535234451294,0.3331863950891467,0.6667297891004296,0.9999161841895763,23,1023,1
3,49.4267,0.8165306448936462,0.5772193670272827,0.6667222940504338,0.3331821976713769,0.9999044917218107,23,1023,2
1,19.743177,0.00014957389794290066,0.00012779055396094918,2.237235094583326e-08,1.6330425681646265e-08,3.8702776627479526e-08,24,1024,0
2,49.412815,0.577223002910614,-0.816535234451294,0.3331863950891467,0.6667297891004296,0.9999161841895763,24,1024,1
3,49.4267,0.8165306448936462,0.5772193670272827,0.6667222940504338,0.3331821976713769,0.9999044917218107,24,1024,2
1,19.746574,8.408550638705492e-05,0.0001586238795425743,7.070372384367454e-09,2.5161535161137117e-08,3.223190754550457e-08,25,1025,0
2,49.381287,0.9963034391403198,-0.08561429381370544,0.992620542842829,0.007329807305219482,0.9999503501480485,25,1025,1
3,49.42959,-0.08560962975025177,-0.9962793588638306,0.007329008705975193,0.9925725608981253,0.9999015696041005,25,1025,2
1,19.746574,8.408550638705492e-05,0.0001586238795425743,7.070372384367454e-09,2.5161535161137117e-08,3.223190754550457e-08,26,1026,0
2,49.381287,0.9963034391403198,-0.08561429381370544,0.992620542842829,0.007329807305219482,0.9999503501480485,26,1026,1
3,49.42959,-0.08560962975025177,-0.9962793588638306,0.007329008705975193,0.9925725608981253,0.9999015696041005,26,1026,2
1,19.749163,5.120801506564021e-05,-0.00018597548478282988,2.622260806962835e-09,3.458688094020859e-08,3.7209141747171423e-08,27,1027,0
2,49.37177,0.997993528842926,-0.06334377080202103,0.9959910836123562,0.0040124332994189715,1.0000035169117751,27,1027,1
3,49.431202,0.06333965063095093,0.9979259371757507,0.004011911342050922,0.9958561760881004,0.9998680874301513,27,1027,2
1,19.753275,4.467397229745984e-05,2.6629375497577712e-05,1.9957638008342093e-09,7.091236393909922e-10,2.7048874402252015e-09,28,1028,0
2,49.368546,-0.5456196665763855,0.8380332589149475,0.2977008205549261,0.7022997430476074,1.0000005636025335,28,1028,2
3,49.37943,0.8380733132362366,0.5456334948539734,0.7023668783587631,0.297715910706561,1.000082789065324,28,1028,1
1,19.753275,4.467397229745984e-05,2.6629375497577712e-05,1.9957638008342093e-09,7.091236393909922e-10,2.7048874402252015e-09,29,1029,0
2,49.368546,-0.5456196665763855,0.8380332589149475,0.2977008205549261,0.7022997430476074,1.0000005636025335,29,1029,2
3,49.37943,0.8380733132362366,0.5456334948539734,0.7023668783587631,0.297715910706561,1.000082789065324,29,1029,1
1,19.753275,4.467397229745984e-05,2.6629375497577712e-05,1.9957638008342093e-09,7.091236393909922e-10,2.7048874402252015e-09,30,1030,0
2,49.368546,-0.5456196665763855,0.8380332589149475,0.2977008205549261,0.7022997430476074,1.0000005636025335,30,1030,2
3,49.37943,0.8380733132362366,0.5456334948539734,0.7023668783587631,0.297715910706561,1.000082789065324,30,1030,1
1,19.744244,0.00012596551096066833,5.870548193342984e-05,1.5867309951582252e-08,3.446333609036257e-09,1.931364356061851e-08,31,1031,0
2,49.38122,0.2722986936569214,-0.9621936678886414,0.07414657856726592,0.9258166545249971,0.999963233092263,31,1031,1
3,49.40049,0.9621850848197937,0.27229124307632446,0.9258001374496736,0.07414252105605001,0.9999426585057236,31,1031,2
1,19.743408,0.00012476282427087426,0.00016484590014442801,1.5565762320045052e-08,2.7174170794426732e-08,4.2739933114471784e-08,32,1032,0
2,49.389225,0.9811230897903442,-0.193291574716568,0.9626025173197519,0.03736163285641059,0.9999641501761625,32,1032,1
3,49.40764,-0.19329947233200073,-0.9811013340950012,0.03736468600382992,0.9625598277629912,0.9999245137668211,32,1032,2
1,19.747011,-2.9020709916949272e-05,-0.00012008226622128859,8.422016040837178e-10,1.4419750660840427e-08,1.5261952264924145e-08,33,1033,0
2,49.374893,0.9939687252044678,-0.10958656668663025,0.9879738266845948,0.012009215598163259,0.999983042282758,33,1033,1
3,49.391804,0.10959354043006897,0.9939523935317993,0.012010744103997162,0.9879413606075929,0.99995210471159,33,1033,2
1,19.747011,-2.9020709916949272e-05,-0.00012008226622128859,8.422016040837178e-10,1.4419750660840427e-08,1.5261952264924145e-08,34,1034,0
2,49.374893,0.9939687252044678,-0.10958656668663025,0.9879738266845948,0.012009215598163259,0.999983042282758,34,1034,1
3,49.391804,0.10959354043006897,0.9939523935317993,0.012010744103997162,0.9879413606075929,0.99995210471159,34,1034,2
1,19.747011,-2.9020709916949272e-05,-0.00012008226622128859,8.422016040837178e-10,1.4419750660840427e-08,1.5261952264924145e-08,35,1035,0
2,49.374893,0.9939687252044678,-0.10958656668663025,0.9879738266845948,0.012009215598163259,0.999983042282758,35,1035,1
3,49.391804,0.10959354043006897,0.9939523935317993,0.012010744103997162,0.9879413606075929,0.99995210471159,35,1035,2
1,19.747618,5.519646219909191e-05,-2.9985834771650843e-05,3.0466494392957823e-09,8.991502869527448e-10,3.945799726248527e-09,36,1036,0
2,49.370117,-0.9367978572845459,0.349845290184021,0.8775902254129164,0.12239172706394186,0.9999819524768583,36,1036,2
3,49.379715,-0.3498431444168091,-0.9368050694465637,0.12239022569544034,0.8776037381407811,0.9999939638362214,36,1036,1
1,19.747618,5.519646219909191e-05,-2.9985834771650843e-05,3.0466494392957823e-09,8.991502869527448e-10,3.945799726248527e-09,37,1037,0
2,49.370117,-0.9367978572845459,0.349845290184021,0.8775902254129164,0.12239172706394186,0.9999819524768583,37,1037,2
3,49.379715,-0.3498431444168091,-0.9368050694465637,0.12239022569544034,0.8776037381407811,0.9999939638362214,37,1037,1
1,19.747618,5.519646219909191e-05,-2.9985834771650843e-05,3.0466494392957823e-09,8.991502869527448e-10,3.945799726248527e-09,38,1038,0
2,49.370117,-0.9367978572845459,0.349845290184021,0.8775902254129164,0.12239172706394186,0.9999819524768583,38,1038,2
3,49.379715,-0.3498431444168091,-0.9368050694465637,0.12239022569544034,0.8776037381407811,0.9999939638362214,38,1038,1
1,19.746925,6.038497667759657e-05,0.00019777478883042932,3.6463454083538816e-09,3.911486709692091e-08,4.276121250527479e-08,39,1039,0
2,49.365936,-0.9999967813491821,0.0021701885852962732,0.999993562708724,4.70971849575024e-06,0.9999982724272197,39,1039,1
3,49.41091,0.002171914791688323,0.9999641180038452,4.717213862354532e-06,0.9999282372952081,0.9999329545090704,39,1039,2
1,19.746925,6.038497667759657e-05,0.00019777478883042932,3.6463454083538816e-09,3.911486709692091e-08,4.276121250527479e-08,40,1040,0
2,49.365936,-0.9999967813491821,0.0021701885852962732,0.999993562708724,4.70971849575024e-06,0.9999982724272197,40,1040,1
3,49.41091,0.002171914791688323,0.9999641180038452,4.717213862354532e-06,0.9999282372952081,0.9999329545090704,40,1040,2
1,19.74471,-6.034993566572666e-05,-0.00015392800560221076,3.642114734857347e-09,2.3693830908674227e-08,2.7335945643531574e-08,41,1041,0
2,49.374664,0.9997237324714661,-0.022944051772356033,0.9994475412666795,0.000526429511732554,0.999973970778412,41,1041,1
3,49.399662,-0.022930003702640533,-0.9996976852416992,0.0005257850698031086,0.9993954618776115,0.9999212469474146,41,1041,2
1,19.74471,-6.034993566572666e-05,-0.00015392800560221076,3.642114734857347e-09,2.3693830908674227e-08,2.7335945643531574e-08,42,1042,0
2,49.374664,0.9997237324714661,-0.022944051772356033,0.9994475412666795,0.000526429511732554,0.999973970778412,42,1042,1
3,49.399662,-0.022930003702640533,-0.9996976852416992,0.0005257850698031086,0.9993954618776115,0.9999212469474146,42,1042,2
1,19.74471,-6.034993566572666e-05,-0.00015392800560221076,3.642114734857347e-09,2.3693830908674227e-08,2.7335945643531574e-08,43,1043,0
2,49.374664,0.9997237324714661,-0.022944051772356033,0.9994475412666795,0.000526429511732554,0.999973970778412,43,1043,1
3,49.399662,-0.022930003702640533,-0.9996976852416992,0.0005257850698031086,0.9993954618776115,0.9999212469474146,43,1043,2
1,19.744566,0.000133137044031173,0.00014791656576562673,1.7725472493358496e-08,2.1879310427896977e-08,3.960478292125547e-08,44,1044,0
2,49.400555,-0.2836673855781555,0.958899199962616,0.08046718564074595,0.919487675688945,0.9999548613296909,44,1044,1
3,49.430603,0.9588525295257568,0.28366410732269287,0.9193981733779424,0.08046532578318022,0.9998634991611226,44,1044,2
1,19.744276,-1.4269491657614708e-05,-0.00019642652478069067,2.0361839216673575e-10,3.8583379637419286e-08,3.878699802958602e-08,45,1045,0
2,49.38,-0.9988563060760498,0.0476224310696125,0.9977139201878913,0.0022678959409799943,0.9999818161288713,45,1045,1
3,49.420185,-0.04762161150574684,-0.9988198280334473,0.00226781788240428,0.9976410488727652,0.9999088667551694,45,1045,2
1,19.744276,-1.4269491657614708e-05,-0.00019642652478069067,2.0361839216673575e-10,3.8583379637419286e-08,3.878699802958602e-08,46,1046,0
2,49.38,-0.9988563060760498,0.0476224310696125,0.9977139201878913,0.0022678959409799943,0.9999818161288713,46,1046,1
3,49.420185,-0.04762161150574684,-0.9988198280334473,0.00226781788240428,0.9976410488727652,0.9999088667551694,46,1046,2
1,19.744276,-1.4269491657614708e-05,-0.00019642652478069067,2.0361839216673575e-10,3.8583379637419286e-08,3.878699802958602e-08,47,1047,0
2,49.38,-0.9988563060760498,0.0476224310696125,0.9977139201878913,0.0022678959409799943,0.9999818161288713,47,1047,1
3,49.420185,-0.04762161150574684,-0.9988198280334473,0.00226781788240428,0.9976410488727652,0.9999088667551694,47,1047,2
1,19.742786,-8.080387488007545e-05,-6.611955905100331e-05,6.529266195634889e-09,4.371796089099113e-09,1.0901062284734002e-08,48,1048,0
2,49.37564,-0.22460180521011353,0.9744385480880737,0.05044597090364178,0.9495304839999932,0.999976454903635,48,1048,1
3,49.386143,0.9744290709495544,0.22459068894386292,0.9495120143116118,0.05044097756027899,0.9999529918718908,48,1048,2
1,19.742786,-8.080387488007545e-05,-6.611955905100331e-05,6.529266195634889e-09,4.371796089099113e-09,1.0901062284734002e-08,49,1049,0
2,49.37564,-0.22460180521011353,0.9744385480880737,0.05044597090364178,0.9495304839999932,0.999976454903635,49,1049,1
3,49.386143,0.9744290709495544,0.22459068894386292,0.9495120143116118,0.05044097756027899,0.9999529918718908,49,1049,2
