mode_index,epsilon,c12,c21,w12,w21,w_subspace,seed_id,seed,training_seed,selected_doublet_rank
1,19.868729,0.0024006192106753588,-0.0005340688512660563,5.762972594663583e-06,2.8522953789264497e-07,6.0482021325562276e-06,0,1000,1000000,0
2,49.808487,-0.008853187784552574,0.9995715618133545,7.837893394855092e-05,0.9991433071859888,0.9992216861199373,0,1000,1000000,1
3,50.02156,0.9990072250366211,0.00881977565586567,0.9980154356753701,7.77884426198007e-05,0.99809322411799,0,1000,1000000,2
1,19.82419,0.0018081306479871273,0.003184584667906165,3.269336440190349e-06,1.014157950706302e-05,1.3410915947253369e-05,1,1001,1001000,0
2,50.098816,0.8156789541244507,-0.5766881704330444,0.6653321562015577,0.3325692459174121,0.9979014021189698,1,1001,1001000,1
3,50.415596,0.5765372514724731,0.8152738809585571,0.33239520233543374,0.6646715009732276,0.9970667033086613,1,1001,1001000,2
1,19.849434,0.0035388022661209106,0.003422607434913516,1.2523121478702492e-05,1.1714241653525278e-05,2.423736313222777e-05,2,1002,1002000,0
2,49.817516,-0.7804513573646545,0.6242272257804871,0.6091043212123317,0.38965962940560317,0.9987639506179349,2,1002,1002000,1
3,50.13894,-0.6239941120147705,-0.7802112102508545,0.38936865182910196,0.6087295326011031,0.998098184430205,2,1002,1002000,2
1,19.800943,-0.0018094039987772703,-0.002544212155044079,3.273942830791176e-06,6.473015489874036e-06,9.746958320665212e-06,3,1003,1003000,0
2,50.011436,-0.7601538896560669,0.648810625076294,0.5778339359592479,0.42095522721189127,0.9987891631711392,3,1003,1003000,1
3,50.375328,0.6484910845756531,0.7592788934707642,0.42054068677410683,0.576504438070188,0.9970451248442949,3,1003,1003000,2
1,19.8693,0.0004236116074025631,-0.0010988230351358652,1.7944679392618325e-07,1.2074120625451949e-06,1.3868588564713781e-06,4,1004,1004000,0
2,49.647594,0.9993373155593872,0.03049159049987793,0.9986750702694422,0.000929737091212246,0.9996048073606545,4,1004,1004000,1
3,50.123737,0.030459020286798477,-0.9984409213066101,0.0009277519168316012,0.9968842733395924,0.997812025256424,4,1004,1004000,2
1,19.944498,-0.003361606504768133,0.0014691281830891967,1.1300398292899425e-05,2.158337618346964e-06,1.3458735911246389e-05,5,1005,1005000,0
2,49.900536,-0.10803814232349396,0.9935953617095947,0.011672240196711536,0.9872317428108204,0.9989039830075319,5,1005,1005000,1
3,50.35775,-0.9927178621292114,-0.10812428593635559,0.985488753790392,0.011690861209246783,0.9971796149996388,5,1005,1005000,2
1,19.823904,-0.0015661361394450068,-0.0021518513094633818,2.45278240727571e-06,4.630464058039271e-06,7.083246465314981e-06,6,1006,1006000,0
2,49.95758,0.6350122690200806,-0.7715334892272949,0.4032405818060312,0.5952639249992444,0.9985045068052756,6,1006,1006000,1
3,50.263565,0.7711474299430847,0.6346180438995361,0.5946683587078248,0.40274006164287357,0.9974084203506983,6,1006,1006000,2
1,19.93142,0.0015123956836760044,0.0008386562112718821,2.287340704001809e-06,7.033442407049077e-07,2.9906849447067165e-06,7,1007,1007000,0
2,49.72858,-0.9632070064544678,-0.26793622970581055,0.9277677372829771,0.07178982318896487,0.999557560471942,7,1007,1007000,1
3,50.398594,-0.267767071723938,0.9614158868789673,0.07169920469961255,0.9243205075432712,0.9960197122428838,7,1007,1007000,2
1,20.011042,-0.0024707233533263206,-0.003550843568518758,6.104473888672059e-06,1.2608490048091026e-05,1.8712963936763085e-05,8,1008,1008000,0
2,49.823826,-0.4551766812801361,0.8900169730186462,0.2071858111811986,0.7921302122612737,0.9993160234424723,8,1008,1008000,1
3,50.222954,-0.8891981244087219,-0.45508867502212524,0.7906733044519889,0.20710570213339352,0.9977790065853824,8,1008,1008000,2
1,19.82,-0.0004075748147442937,-0.0018597680609673262,1.6611722961384532e-07,3.458737240594168e-06,3.6248544702080135e-06,9,1009,1009000,0
2,49.834904,-0.9970952272415161,-0.0694163590669632,0.9941988921878107,0.0048186309061135635,0.9990175230939242,9,1009,1009000,1
3,50.30815,0.06912147253751755,-0.9964809417724609,0.0047777779657547925,0.9929742673157307,0.9977520452814854,9,1009,1009000,2
1,19.799314,0.001728525385260582,-2.5827321223914623e-06,2.9878000074902433e-06,6.6705052160327075e-12,2.9878066779954594e-06,10,1010,1010000,0
2,49.955956,0.9730340242385864,-0.22732236981391907,0.946795212325938,0.05167545981781618,0.9984706721437542,10,1010,1010000,1
3,50.346714,-0.22731371223926544,-0.971998393535614,0.051671523771995576,0.9447808770358144,0.99645240080781,10,1010,1010000,2
1,19.98154,-0.002182695083320141,-0.0038478553760796785,4.7641578267499166e-06,1.4805990995225284e-05,1.95701488219752e-05,11,1011,1011000,0
2,49.75745,0.9405753016471863,-0.33834993839263916,0.8846818980686955,0.11448068081030272,0.9991625788789982,11,1011,1011000,1
3,50.214226,0.3381904661655426,0.9398507475852966,0.11437279140526702,0.883319427736641,0.997692219141908,11,1011,1011000,2
1,19.810688,0.0013915885938331485,0.0018970866221934557,1.9365188144865195e-06,3.5989376521053753e-06,5.535456466591895e-06,12,1012,1012000,0
2,50.024124,0.4718088209629059,-0.8805356621742249,0.22260356353840738,0.7753430523606006,0.997946615899008,12,1012,1012000,1
3,50.20732,0.8802931308746338,0.47176289558410645,0.7749159962650651,0.22256022964990052,0.9974762259149657,12,1012,1012000,2
1,19.931978,0.0010482585057616234,-0.0018832758069038391,1.0988458949015914e-06,3.5467277648693063e-06,4.645573659770898e-06,13,1013,1013000,0
2,49.815857,0.43945640325546265,-0.8975449800491333,0.1931219303622278,0.8055869912113991,0.9987089215736269,13,1013,1013000,1
3,50.195763,-0.8971150517463684,-0.439216285943985,0.8048154160698893,0.19291094583842838,0.9977263619083176,13,1013,1013000,2
1,19.931805,4.5569147914648056e-05,-0.0012811236083507538,2.0765472416670733e-09,1.6412776998736556e-06,1.6433542471153226e-06,14,1014,1014000,0
2,49.763203,-0.9763469099998474,0.21479064226150513,0.9532532886662501,0.04613502000310987,0.99938830866936,14,1014,1014000,1
3,50.25538,0.21479633450508118,0.9753574132919312,0.04613746531681873,0.951322083663527,0.9974595489803457,14,1014,1014000,2
1,19.990665,-0.0036307277623564005,-0.002217470435425639,1.3182184084345515e-05,4.917175131986774e-06,1.809935921633229e-05,15,1015,1015000,0
2,49.829803,0.3246721029281616,-0.9453001022338867,0.10541197441979477,0.8935922832833967,0.9990042577031915,15,1015,1015000,1
3,50.459576,0.9439860582351685,0.32435142993927,0.8911096781423709,0.10520385010364919,0.99631352824602,15,1015,1015000,2
1,19.95528,0.0032582473941147327,-0.0007071137079037726,1.0616176081255447e-05,5.000097959054218e-07,1.1116185877160868e-05,16,1016,1016000,0
2,49.875263,0.36419451236724854,-0.9306447505950928,0.13263764283841795,0.8660996518102024,0.9987372946486204,16,1016,1016000,1
3,50.464035,0.9297536611557007,0.36400189995765686,0.8644418704324295,0.13249738317278403,0.9969392536052135,16,1016,1016000,2
1,19.83274,0.0013211467303335667,0.00011382567754480988,1.745428683071074e-06,1.2956284868535036e-08,1.758384967939609e-06,17,1017,1017000,0
2,49.90964,0.8595240116119385,-0.5095077157020569,0.7387815265374797,0.259598112359928,0.9983796388974078,17,1017,1017000,1
3,50.399883,0.5093992948532104,0.8585386872291565,0.25948764159694804,0.7370886774691634,0.9965763190661114,17,1017,1017000,2
1,19.817705,-0.0016635570209473372,-0.0018038349226117134,2.767421961943179e-06,3.253820428033606e-06,6.021242389976785e-06,18,1018,1018000,0
2,50.130985,0.8780124187469482,-0.4763247072696686,0.7709058074738664,0.22688522675553546,0.9977910342294019,18,1018,1018000,1
3,50.215717,0.4763222336769104,0.8778226375579834,0.22688287029496124,0.7705725830092547,0.9974554533042159,18,1018,1018000,2
1,19.795656,0.001328514888882637,0.001183743472211063,1.7649518099828454e-06,1.4012486080023035e-06,3.166200417985149e-06,19,1019,1019000,0
2,49.978046,0.46866700053215027,-0.8825437426567078,0.21964875738780254,0.7788834577025092,0.9985322150903118,19,1019,1019000,1
3,50.239185,0.8819553256034851,0.4686078727245331,0.7778451963603494,0.2195933383794122,0.9974385347397616,19,1019,1019000,2
1,19.898663,0.0012180724879726768,-0.0012041094014421105,1.4837005859559468e-06,1.4498794506412777e-06,2.9335800365972245e-06,20,1020,1020000,0
2,49.846973,-0.9423078298568726,0.3329346477985382,0.8879440462095687,0.11084547970473668,0.9987895259143054,20,1020,1020000,1
3,50.135773,0.3328475058078766,0.941957414150238,0.11078746212252444,0.8872837700726031,0.9980712321951275,20,1020,1020000,2
1,19.797731,-0.0005652715917676687,-0.0019143943209201097,3.195319724595539e-07,3.664905615971168e-06,3.984437588430722e-06,21,1021,1021000,0
2,49.75368,0.9720078706741333,-0.2327224761247635,0.9447993006524626,0.05415975089364111,0.9989590515461038,21,1021,1021000,1
3,50.211594,-0.23298126459121704,-0.9714279770851135,0.05428026965052268,0.9436723146636758,0.9979525843141985,21,1021,1021000,2
1,19.795431,0.0018834047950804234,0.00141147430986166,3.5472136221319315e-06,1.9922597273994494e-06,5.539473349531381e-06,22,1022,1022000,0
2,50.139793,0.6503897905349731,-0.758150577545166,0.42300687963212624,0.5747922982320688,0.997799177864195,22,1022,1022000,1
3,50.25423,-0.7580652236938477,-0.6501733064651489,0.5746628833740033,0.42272532843982447,0.9973882118138278,22,1022,1022000,2
1,19.806255,-0.0019349055364727974,-0.002961666090413928,3.743859435073084e-06,8.771466031107721e-06,1.2515325466180805e-05,23,1023,1023000,0
2,50.11743,0.6859515905380249,-0.7260881662368774,0.4705295845616462,0.5272040251492314,0.9977336097108775,23,1023,1023000,1
3,50.407505,-0.7257736921310425,-0.6856423616409302,0.5267474521895252,0.4701054480765521,0.9968529002660773,23,1023,1023000,2
1,19.820765,-0.0018947439966723323,-0.0013382926117628813,3.590054812925843e-06,1.791027114699114e-06,5.381081927624957e-06,24,1024,1024000,0
2,50.128593,-0.34072360396385193,0.93901526927948,0.11609257429811581,0.8817496759400143,0.9978422502381301,24,1024,1024000,1
3,50.352917,0.9387097358703613,0.3406829237937927,0.8811759682178035,0.11606485456468718,0.9972408227824907,24,1024,1024000,2
1,19.80931,-0.002207866869866848,-0.002409502398222685,4.874676115055633e-06,5.80570180704087e-06,1.0680377922096503e-05,25,1025,1025000,0
2,49.64069,-0.555926501750946,0.8308761715888977,0.3090542753490446,0.6903552125142234,0.999409487863268,25,1025,1025000,1
3,50.40824,-0.8300318121910095,-0.5552400350570679,0.6889528092490913,0.30829149653017396,0.9972443057792653,25,1025,1025000,2
1,19.915482,0.001503953943029046,0.0013874161522835493,2.261877462752615e-06,1.924923579617289e-06,4.186801042369904e-06,26,1026,1026000,0
2,49.650295,0.16876572370529175,-0.9854884147644043,0.028481869497770873,0.9711874156348586,0.9996692851326294,26,1026,1026000,1
3,50.089222,-0.9845628142356873,-0.1687506139278412,0.9693639351756964,0.028476769701023308,0.9978407048767197,26,1026,1026000,2
1,19.793625,0.0026782709173858166,0.0012121610343456268,7.1731351069146635e-06,1.46933437318586e-06,8.642469480100523e-06,27,1027,1027000,0
2,50.07011,0.7352414727210999,-0.6762948036193848,0.5405800232090918,0.4573746614025822,0.997954684611674,27,1027,1027000,1
3,50.17672,0.6762653589248657,0.7352477312088013,0.45733483568177746,0.5405892262476897,0.9979240619294671,27,1027,1027000,2
1,19.983822,0.00023699819575995207,0.0026336675509810448,5.616814479347256e-08,6.936204769090494e-06,6.992372913883967e-06,28,1028,1028000,0
2,49.7347,0.9442353844642639,-0.3280954658985138,0.8915804612743763,0.10764663474316283,0.9992270960175391,28,1028,1028000,1
3,50.25776,-0.3278619349002838,-0.9434472918510437,0.10749344835655794,0.8900927925010684,0.9975862408576264,28,1028,1028000,2
1,19.981098,0.0036113495007157326,0.0031665388960391283,1.3041845216319771e-05,1.0026968580128701e-05,2.3068813796448472e-05,29,1029,1029000,0
2,49.792175,0.3059501349925995,-0.9515793919563293,0.09360548510198985,0.9055033391959775,0.9991088242979673,29,1029,1029000,1
3,50.265747,0.9506502747535706,0.305992066860199,0.9037359448890392,0.09363114498137648,0.9973670898704157,29,1029,1029000,2
1,19.974518,-6.47971173748374e-05,-0.0027350294403731823,4.198666420088455e-09,7.480386039708043e-06,7.484584706128131e-06,30,1030,1030000,0
2,49.787132,-0.9983119964599609,-0.05105634406208992,0.9966268422758731,0.0026067502689865046,0.9992335925448596,30,1030,1030000,1
3,50.128273,0.0509289875626564,-0.9976600408554077,0.0025937617741572105,0.9953255571196138,0.997919318893771,30,1030,1030000,2
1,19.908297,0.0019039721228182316,0.001511547714471817,3.625109844468963e-06,2.2847764931249737e-06,5.909886337593937e-06,31,1031,1031000,0
2,49.79209,-0.9689146280288696,0.24584129452705383,0.9387955564083228,0.06043794209473763,0.9992334985030604,31,1031,1031000,1
3,50.349525,-0.24594071507453918,-0.9676728248596191,0.060486835331375666,0.9363906959717951,0.9968775313031708,31,1031,1031000,2
1,19.818308,0.0012455260148271918,0.0020090125035494566,1.551335053611306e-06,4.036131239418055e-06,5.5874662930293614e-06,32,1032,1032000,0
2,50.1488,-0.8333686590194702,0.550308346748352,0.69450332183591,0.3028392765009045,0.9973425983368145,32,1032,1032000,1
3,50.336758,-0.5502939224243164,-0.8330225944519043,0.30282340105713956,0.6939266428673818,0.9967500439245214,32,1032,1032000,2
1,19.798033,-0.0009225051035173237,-0.0018378065433353186,8.510156660155082e-07,3.377532890726112e-06,4.22854855674162e-06,33,1033,1033000,0
2,50.03548,-0.5177581310272217,0.8544409871101379,0.26807348224480165,0.7300694004537469,0.9981428826985486,33,1033,1033000,1
3,50.31502,0.8540932536125183,0.5175982713699341,0.7294752858664175,0.2679079705251439,0.9973832563915614,33,1033,1033000,2
1,19.830013,-0.0003499701269902289,0.002264284761622548,1.2247908978555694e-07,5.1269854817160795e-06,5.2494645715016364e-06,34,1034,1034000,0
2,50.03477,-0.9570813179016113,0.28632214665412903,0.9160046490762852,0.08198037166462857,0.9979850207409138,34,1034,1034000,1
3,50.36181,-0.2863008379936218,-0.9567418098449707,0.08196816983585009,0.9153548907054301,0.9973230605412802,34,1034,1034000,2
1,19.810482,-0.0014592722291126847,-0.0012573980493471026,2.129475438659504e-06,1.5810498545018988e-06,3.7105252931614026e-06,35,1035,1035000,0
2,49.845722,-0.4269198477268219,0.9036015868186951,0.1822605563830928,0.8164958277012637,0.9987563840843565,35,1035,1035000,1
3,50.166565,0.902979850769043,0.42687132954597473,0.8153726108948831,0.18221913198834816,0.9975917428832313,35,1035,1035000,2
1,19.790464,0.0009541296167299151,0.0009983209893107414,9.103633255211748e-07,9.966447976983775e-07,1.9070081232195523e-06,36,1036,1036000,0
2,49.978252,0.5280550718307495,-0.848310649394989,0.278842158886178,0.719630957876948,0.998473116763126,36,1036,1036000,1
3,50.06007,0.8480229377746582,0.5279697775840759,0.7191429029919618,0.2787520860421786,0.9978949890341404,36,1036,1036000,2
1,19.785137,-0.001135975238867104,-0.0017568026669323444,1.2904397433191741e-06,3.086355610540598e-06,4.376795353859772e-06,37,1037,1037000,0
2,50.08434,-0.9990277886390686,0.020297039300203323,0.9980565224730675,0.0004119698043539982,0.9984684922774215,37,1037,1037000,1
3,50.493008,0.020451050251722336,0.9980684518814087,0.0004182454563984722,0.9961406346409518,0.9965588800973503,37,1037,1037000,2
1,19.822132,0.0017245637718588114,0.0009221087675541639,2.9741202032078904e-06,8.502845792002591e-07,3.8244047824081496e-06,38,1038,1038000,0
2,50.048607,-0.8648902773857117,0.5000547766685486,0.7480351919163333,0.250054779669032,0.9980899715853653,38,1038,1038000,1
3,50.30387,0.4996897578239441,0.8646035194396973,0.2496898540741519,0.747539245827511,0.9972290999016629,38,1038,1038000,2
1,19.81805,0.0029728272929787636,0.0024810524191707373,8.837702113879443e-06,6.155621106672968e-06,1.4993323220552411e-05,39,1039,1039000,0
2,49.949455,-0.6150385737419128,0.7874451279640198,0.37827244719048636,0.6200698295542715,0.9983422767447578,39,1039,1039000,1
3,50.24193,-0.7871416807174683,-0.6149007081985474,0.6195920255227207,0.3781028809430751,0.9976949064657958,39,1039,1039000,2
1,19.88212,0.0029086964204907417,-0.0016393550904467702,8.460514866575654e-06,2.687485112573738e-06,1.1147999979149392e-05,40,1040,1040000,0
2,50.001682,0.7513801455497742,-0.6584010720252991,0.5645721231263998,0.43349197164406306,0.9980640947704629,40,1040,1040000,1
3,50.129482,-0.6586523652076721,-0.7510454654693604,0.4338229381936607,0.5640692912020882,0.9978922293957488,40,1040,1040000,2
1,19.926498,0.000509207253344357,0.00196658237837255,2.592920268585042e-07,3.8674462509254355e-06,4.12673827778394e-06,41,1041,1041000,0
2,49.689487,0.9757043719291687,-0.2181454300880432,0.9519990214016936,0.04758742866829735,0.9995864500699909,41,1041,1041000,1
3,50.25948,-0.21813632547855377,-0.9745718240737915,0.04758345649328555,0.9497902402785172,0.9973736967718028,41,1041,1041000,2
1,19.797281,-0.003251981921494007,-0.000602857384365052,1.0575386417723855e-05,3.63437025883472e-07,1.0938823443607327e-05,42,1042,1042000,0
2,50.033066,-0.5237988829612732,0.8506962060928345,0.2743652697914776,0.7236840350607423,0.9980493048522199,42,1042,1042000,1
3,50.399193,0.8503812551498413,0.5235937237739563,0.7231482791102195,0.27415038757547805,0.9972986666856976,42,1042,1042000,2
1,19.855433,0.0013632250484079123,-0.000251882680458948,1.8583825326067547e-06,6.344488471518451e-08,1.9218274173219392e-06,43,1043,1043000,0
2,49.65951,-0.12363874167203903,0.9921044111251831,0.015286538442245201,0.9842711625740463,0.9995577010162915,43,1043,1043000,1
3,50.09921,-0.9913288950920105,-0.1237170398235321,0.9827329782443464,0.015305905942697429,0.9980388841870438,43,1043,1043000,2
1,19.836182,0.003070110222324729,0.003146912669762969,9.425576777222797e-06,9.903059351114697e-06,1.9328636128337494e-05,44,1044,1044000,0
2,49.71808,0.8875170946121216,-0.46016162633895874,0.7876865932287416,0.2117487223549155,0.9994353155836571,44,1044,1044000,1
3,50.299774,0.4600173234939575,0.8866044878959656,0.21161593791454436,0.7860675179572674,0.9976834558718117,44,1044,1044000,2
1,19.97315,-0.0017757461173459888,-0.0027896156534552574,3.153274273269354e-06,7.781955494002603e-06,1.0935229767271957e-05,45,1045,1045000,0
2,49.83157,0.9452940225601196,-0.32499051094055176,0.893580789087892,0.10561883220140089,0.9991996212892928,45,1045,1045000,1
3,50.180973,0.3249925374984741,0.9446393251419067,0.10562014942969711,0.892343454604557,0.9979636040342541,45,1045,1045000,2
1,19.820642,-0.0029313000850379467,-0.0016803949838504195,8.592520188543474e-06,2.8237273017496517e-06,1.1416247490293125e-05,46,1046,1046000,0
2,50.01416,-0.6621299982070923,0.7480915784835815,0.43841613452572403,0.5596410097980566,0.9980571443237807,46,1046,1046000,1
3,50.40137,0.747783362865448,0.6619607210159302,0.5591799577783583,0.43819199616793014,0.9973719539462884,46,1046,1046000,2
1,19.81038,0.00026748800883069634,0.0018244913080707192,7.154983486821069e-08,3.328768533225604e-06,3.400318368093815e-06,47,1047,1047000,0
2,49.920284,0.3989356458187103,-0.9162676930427551,0.1591496495047915,0.8395464853138925,0.998696134818684,47,1047,1047000,1
3,50.169754,0.9157736301422119,0.3988967835903168,0.8386413416638447,0.1591186439587,0.9977599856225448,47,1047,1047000,2
1,19.815617,0.0013906164094805717,3.868464409606531e-05,1.933813998316637e-06,1.4965016888392408e-09,1.9353105000054764e-06,48,1048,1048000,0
2,49.879993,0.9989937543869019,0.028707878664135933,0.9979885213040376,0.0008241422973947511,0.9988126636014324,48,1048,1048000,1
3,50.426434,-0.02859770506620407,0.9979234933853149,0.000817828735053594,0.9958512986503507,0.9966691273854043,48,1048,1048000,2
1,19.79411,0.0008508189930580556,0.001063964911736548,7.238929589483237e-07,1.1320213334065603e-06,1.855914292354884e-06,49,1049,1049000,0
2,49.89193,0.6372310519218445,-0.7699028849601746,0.40606341353342046,0.5927504522699998,0.9988138658034202,49,1049,1049000,1
3,50.29925,0.7687303423881531,0.6365609765052795,0.5909463393082071,0.40520987680935505,0.9961562161175621,49,1049,1049000,2
